Workbook

Sheet AGP
B2: TEAM PENJUALAN AGP | K2: TEAM PENJUALAN DIVISI SALESMAN
B5: Month | C5: ALL AGP | H5: Growth | K5: Month | L5: TEAM PENJUALAN ( AGPs , AGPc , AGPN ) | T5: Growth
C6: 2024 | D6: 2025 | E6: TGT 2026 | F6: 2026 | G6: ACH | H6: 26 vs 24 | I6: 26 vs 25 | L6: 2024 | M6: 2025 | N6: 2026 | T6: 26 vs 24 | U6: 26 vs 25
B7: Jan | C7: =SUM(L8,C31,C53) -> 24159186786 | D7: =SUM(M8,D31,TELE!D8,D53) -> 21337690605 | E7: =SUM(N8,E31,TELE!E8,E53) -> 40920000000 | F7: =SUM(R8,F31,TELE!F8,F53) -> 2.5826447e+10 | G7: =IFERROR(F7/E7,0) -> 0.63114485 | H7: =IFERROR(F7/C7-1,0) -> 0.069011457 | I7: =IFERROR(F7/D7-1,0) -> 0.21036751 | N7: TGT | O7: AGPC | P7: AGPS | Q7: AGPN | R7: TOTAL | S7: ACH
B8: Feb | C8: =SUM(L9,C32,C54) -> 23396499193 | D8: =SUM(M9,D32,TELE!D9,D54) -> 26684172922 | E8: =SUM(N9,E32,TELE!E9,E54) -> 37800000000 | F8: =SUM(R9,F32,TELE!F9,F54) -> 2.6436475e+10 | G8: =IFERROR(F8/E8,0) -> 0.69937764 | H8: =IFERROR(F8/C8-1,0) -> 0.12993293 | I8: =IFERROR(F8/D8-1,0) -> -0.009282584 | K8: Jan | L8: =AGPN!D6+AGPc!D6+AGPs!D5 -> 22585261686 | M8: =AGPN!E6+AGPc!E6+AGPs!E5 -> 20342621421 | N8: =AGPN!F6+AGPc!F6+AGPs!F5 -> 36880000000 | O8: =AGPc!G6 -> 9.944665e+09 | P8: =AGPs!G5 -> 8.9014341e+09 | Q8: =AGPN!G6 -> 5016540388 | R8: =AGPN!G6+AGPc!G6+AGPs!G5 -> 2.386264e+10 | S8: =IFERROR(R8/N8,0) -> 0.6470347 | T8: =IFERROR(R8/L8-1,0) -> 0.056558029 | U8: =IFERROR(R8/M8-1,0) -> 0.1730366
B9: Mar | C9: =SUM(L10,C33,C55) -> 24938302602 | D9: =SUM(M10,D33,TELE!D10,D55) -> 22450328228 | E9: =SUM(N10,E33,TELE!E10,E55) -> 37800000000 | F9: =SUM(R10,F33,TELE!F10,F55) -> 1.3791552e+10 | G9: =IFERROR(F9/E9,0) -> 0.36485587 | H9: =IFERROR(F9/C9-1,0) -> -0.44697311 | I9: =IFERROR(F9/D9-1,0) -> -0.38568595 | K9: Feb | L9: =AGPN!D7+AGPc!D7+AGPs!D6 -> 21889752258 | M9: =AGPN!E7+AGPc!E7+AGPs!E6 -> 24547717344 | N9: =AGPN!F7+AGPc!F7+AGPs!F6 -> 33760000000 | O9: =AGPc!G7 -> 1.0890748e+10 | P9: =AGPs!G6 -> 8.1885422e+09 | Q9: =AGPN!G7 -> 5.0309831e+09 | R9: =AGPN!G7+AGPc!G7+AGPs!G6 -> 2.4110273e+10 | S9: =IFERROR(R9/N9,0) -> 0.71416686 | T9: =IFERROR(R9/L9-1,0) -> 0.10144111 | U9: =IFERROR(R9/M9-1,0) -> -0.017820161
B10: Apr | C10: =SUM(L11,C34,C56) -> 15761115621 | D10: =SUM(M11,D34,TELE!D11,D56) -> 21371627964 | E10: =SUM(N11,E34,TELE!E11,E56) -> 40380000000 | F10: =SUM(R11,F34,TELE!F11,F56) -> 2.5128711e+10 | G10: =IFERROR(F10/E10,0) -> 0.62230588 | H10: =IFERROR(F10/C10-1,0) -> 0.59434851 | I10: =IFERROR(F10/D10-1,0) -> 0.17579771 | K10: Mar | L10: =AGPN!D8+AGPc!D8+AGPs!D7 -> 22899608218 | M10: =AGPN!E8+AGPc!E8+AGPs!E7 -> 20716698521 | N10: =AGPN!F8+AGPc!F8+AGPs!F7 -> 33760000000 | O10: =AGPc!G8 -> 5.2715889e+09 | P10: =AGPs!G7 -> 4.5625521e+09 | Q10: =AGPN!G8 -> 2.3041601e+09 | R10: =AGPN!G8+AGPc!G8+AGPs!G7 -> 1.2138301e+10 | S10: =IFERROR(R10/N10,0) -> 0.35954683 | T10: =IFERROR(R10/L10-1,0) -> -0.46993411 | U10: =IFERROR(R10/M10-1,0) -> -0.4140813
B11: May | C11: =SUM(L12,C35,C57) -> 24487748149 | D11: =SUM(M12,D35,TELE!D12,D57) -> 26482379609 | E11: =SUM(N12,E35,TELE!E12,E57) -> 37260000000 | F11: =SUM(R12,F35,TELE!F12,F57) -> 2.1173631e+10 | G11: =IFERROR(F11/E11,0) -> 0.56826707 | H11: =IFERROR(F11/C11-1,0) -> -0.13533776 | I11: =IFERROR(F11/D11-1,0) -> -0.20046343 | K11: Apr | L11: =AGPN!D9+AGPc!D9+AGPs!D8 -> 14758281711 | M11: =AGPN!E9+AGPc!E9+AGPs!E8 -> 19831812491 | N11: =AGPN!F9+AGPc!F9+AGPs!F8 -> 36880000000 | O11: =AGPc!G9 -> 9.1031812e+09 | P11: =AGPs!G8 -> 8.8376468e+09 | Q11: =AGPN!G9 -> 4.8171723e+09 | R11: =AGPN!G9+AGPc!G9+AGPs!G8 -> 2.2758e+10 | S11: =IFERROR(R11/N11,0) -> 0.61708244 | T11: =IFERROR(R11/L11-1,0) -> 0.54204946 | U11: =IFERROR(R11/M11-1,0) -> 0.14755019
B12: Jun | C12: =SUM(L13,C36,C58) -> 28664608260 | D12: =SUM(M13,D36,TELE!D13,D58) -> 23629392392 | E12: =SUM(N13,E36,TELE!E13,E58) -> 37260000000 | F12: =SUM(R13,F36,TELE!F13,F58) -> 2.4014237e+10 | G12: =IFERROR(F12/E12,0) -> 0.64450449 | H12: =IFERROR(F12/C12-1,0) -> -0.1622339 | I12: =IFERROR(F12/D12-1,0) -> 0.016286697 | K12: May | L12: =AGPN!D10+AGPc!D10+AGPs!D9 -> 22730316307 | M12: =AGPN!E10+AGPc!E10+AGPs!E9 -> 24484721143 | N12: =AGPN!F10+AGPc!F10+AGPs!F9 -> 33760000000 | O12: =AGPc!G10 -> 9.594543e+09 | P12: =AGPs!G9 -> 6.1018458e+09 | Q12: =AGPN!G10 -> 3.2575439e+09 | R12: =AGPN!G10+AGPc!G10+AGPs!G9 -> 1.8953933e+10 | S12: =IFERROR(R12/N12,0) -> 0.56143166 | T12: =IFERROR(R12/L12-1,0) -> -0.16613863 | U12: =IFERROR(R12/M12-1,0) -> -0.22588734
B13: Sem1 | C13: =SUM(C7:C12) -> 141407460611 | D13: =SUM(D7:D12) -> 141955591720 | E13: =SUM(E7:E12) -> 231420000000 | F13: =SUM(F7:F12) -> 1.3637105e+11 | G13: =IFERROR(F13/E13,0) -> 0.58927947 | H13: =IFERROR(F13/C13-1,0) -> -0.035616273 | I13: =IFERROR(F13/D13-1,0) -> -0.039340035 | K13: Jun | L13: =AGPN!D11+AGPc!D11+AGPs!D10 -> 26527508857 | M13: =AGPN!E11+AGPc!E11+AGPs!E10 -> 22071306489 | N13: =AGPN!F11+AGPc!F11+AGPs!F10 -> 33760000000 | O13: =AGPc!G11 -> 9.6887769e+09 | P13: =AGPs!G10 -> 7.9828873e+09 | Q13: =AGPN!G11 -> 3.4437395e+09 | R13: =AGPN!G11+AGPc!G11+AGPs!G10 -> 2.1115404e+10 | S13: =IFERROR(R13/N13,0) -> 0.62545627 | T13: =IFERROR(R13/L13-1,0) -> -0.2040186 | U13: =IFERROR(R13/M13-1,0) -> -0.043309749
B14: Jul | C14: =SUM(L15,C38,C60) -> 25468635015 | D14: =SUM(M15,D38,TELE!D15,D60) -> 25871489943 | E14: =SUM(N15,E38,TELE!E15,E60) -> 37260000000 | F14: =SUM(R15,F38,TELE!F15,F60) -> 2.840798e+10 | G14: =IFERROR(F14/E14,0) -> 0.76242564 | H14: =IFERROR(F14/C14-1,0) -> 0.11541037 | I14: =IFERROR(F14/D14-1,0) -> 0.098041882 | K14: Sem1 | L14: =SUM(L8:L13) -> 131390729037 | M14: =SUM(M8:M13) -> 131994877409 | N14: =SUM(N8:N13) -> 208800000000 | O14: =SUM(O8:O13) -> 5.4493503e+10 | P14: =SUM(P8:P13) -> 4.4574908e+10 | Q14: =SUM(Q8:Q13) -> 2.3870139e+10 | R14: =SUM(R8:R13) -> 1.2293855e+11 | S14: =IFERROR(R14/N14,0) -> 0.58878616 | T14: =IFERROR(R14/L14-1,0) -> -0.064328576 | U14: =IFERROR(R14/M14-1,0) -> -0.0686112
A15: =(F15-F14)/F14 -> -0.19156412 | B15: Aug | C15: =SUM(L16,C39,C61) -> 26335746702 | D15: =SUM(M16,D39,TELE!D16,D61) -> 26006146126 | E15: =SUM(N16,E39,TELE!E16,E61) -> 40380000000 | F15: =SUM(R16,F39,TELE!F16,F61) -> 2.296603e+10 | G15: =IFERROR(F15/E15,0) -> 0.56874764 | H15: =IFERROR(F15/C15-1,0) -> -0.1279522 | I15: =IFERROR(F15/D15-1,0) -> -0.11689991 | K15: Jul | L15: =AGPN!D13+AGPc!D13+AGPs!D12 -> 23599006137 | M15: =AGPN!E13+AGPc!E13+AGPs!E12 -> 23901112453 | N15: =AGPN!F13+AGPc!F13+AGPs!F12 -> 33760000000 | O15: =AGPc!G13 -> 1.1441452e+10 | P15: =AGPs!G12 -> 9.4377576e+09 | Q15: =AGPN!G13 -> 4.926376e+09 | R15: =AGPN!G13+AGPc!G13+AGPs!G12 -> 2.5805586e+10 | S15: =IFERROR(R15/N15,0) -> 0.76438347 | T15: =IFERROR(R15/L15-1,0) -> 0.093503082 | U15: =IFERROR(R15/M15-1,0) -> 0.079681374
B16: Sep | C16: =SUM(L17,C40,C62) -> 25507315030 | D16: =SUM(M17,D40,TELE!D17,D62) -> 25955151907 | E16: =SUM(N17,E40,TELE!E17,E62) -> 37260000000 | F16: =SUM(R17,F40,TELE!F17,F62) -> 1.7829153e+10 | G16: =IFERROR(F16/E16,0) -> 0.47850653 | H16: =IFERROR(F16/C16-1,0) -> -0.30101803 | I16: =IFERROR(F16/D16-1,0) -> -0.31307845 | K16: Aug | L16: =AGPN!D14+AGPc!D14+AGPs!D13 -> 24281662045 | M16: =AGPN!E14+AGPc!E14+AGPs!E13 -> 23729834895 | N16: =AGPN!F14+AGPc!F14+AGPs!F13 -> 36880000000 | O16: =AGPc!G14 -> 1.0463408e+10 | P16: =AGPs!G13 -> 7.139499e+09 | Q16: =AGPN!G14 -> 3.659961e+09 | R16: =AGPN!G14+AGPc!G14+AGPs!G13 -> 2.1262868e+10 | S16: =IFERROR(R16/N16,0) -> 0.57654197 | T16: =IFERROR(R16/L16-1,0) -> -0.12432404 | U16: =IFERROR(R16/M16-1,0) -> -0.10396057 | W16: =(R16-R15)/R15 -> -0.17603623
B17: Oct | C17: =SUM(L18,C41,C63) -> 26172805118 | D17: =SUM(M18,D41,TELE!D18,D63) -> 25882344879 | E17: =SUM(N18,E41,TELE!E18,E63) -> 40380000000 | F17: =SUM(R18,F41,TELE!F18,F63) -> 0 | G17: =IFERROR(F17/E17,0) -> 0 | H17: =IFERROR(F17/C17-1,0) -> -1 | I17: =IFERROR(F17/D17-1,0) -> -1 | K17: Sep | L17: =AGPN!D15+AGPc!D15+AGPs!D14 -> 23356680661 | M17: =AGPN!E15+AGPc!E15+AGPs!E14 -> 23843988531 | N17: =AGPN!F15+AGPc!F15+AGPs!F14 -> 33760000000 | O17: =AGPc!G15 -> 7.7718034e+09 | P17: =AGPs!G14 -> 6.412417e+09 | Q17: =AGPN!G15 -> 3.0800791e+09 | R17: =AGPN!G15+AGPc!G15+AGPs!G14 -> 1.72643e+10 | S17: =IFERROR(R17/N17,0) -> 0.51138328 | T17: =IFERROR(R17/L17-1,0) -> -0.26084105 | U17: =IFERROR(R17/M17-1,0) -> -0.2759475
B18: Nov | C18: =SUM(L19,C42,C64) -> 24806895809 | D18: =SUM(M19,D42,TELE!D19,D64) -> 23982150334 | E18: =SUM(N19,E42,TELE!E19,E64) -> 37260000000 | F18: =SUM(R19,F42,TELE!F19,F64) -> 0 | G18: =IFERROR(F18/E18,0) -> 0 | H18: =IFERROR(F18/C18-1,0) -> -1 | I18: =IFERROR(F18/D18-1,0) -> -1 | K18: Oct | L18: =AGPN!D16+AGPc!D16+AGPs!D15 -> 24757990009 | M18: =AGPN!E16+AGPc!E16+AGPs!E15 -> 23392221486 | N18: =AGPN!F16+AGPc!F16+AGPs!F15 -> 36880000000 | O18: =AGPc!G16 -> 0 | P18: =AGPs!G15 -> 0 | Q18: =AGPN!G16 -> 0 | R18: =AGPN!G16+AGPc!G16+AGPs!G15 -> 0 | S18: =IFERROR(R18/N18,0) -> 0 | T18: =IFERROR(R18/L18-1,0) -> -1 | U18: =IFERROR(R18/M18-1,0) -> -1
B19: Dec | C19: =SUM(L20,C43,C65) -> 25551616179 | D19: =SUM(M20,D43,TELE!D20,D65) -> 26847129519 | E19: =SUM(N20,E43,TELE!E20,E65) -> 37260000000 | F19: =SUM(R20,F43,TELE!F20,F65) -> 0 | G19: =IFERROR(F19/E19,0) -> 0 | H19: =IFERROR(F19/C19-1,0) -> -1 | I19: =IFERROR(F19/D19-1,0) -> -1 | K19: Nov | L19: =AGPN!D17+AGPc!D17+AGPs!D16 -> 22982352166 | M19: =AGPN!E17+AGPc!E17+AGPs!E16 -> 21338105910 | N19: =AGPN!F17+AGPc!F17+AGPs!F16 -> 33760000000 | O19: =AGPc!G17 -> 0 | P19: =AGPs!G16 -> 0 | Q19: =AGPN!G17 -> 0 | R19: =AGPN!G17+AGPc!G17+AGPs!G16 -> 0 | S19: =IFERROR(R19/N19,0) -> 0 | T19: =IFERROR(R19/L19-1,0) -> -1 | U19: =IFERROR(R19/M19-1,0) -> -1
B20: Sem 2 | C20: =SUM(C14:C19) -> 153843013853 | D20: =SUM(D14:D19) -> 154544412708 | E20: =SUM(E14:E19) -> 229800000000 | F20: =SUM(F14:F19) -> 6.9203163e+10 | G20: =IFERROR(F20/E20,0) -> 0.30114518 | H20: =IFERROR(F20/C20-1,0) -> -0.55017026 | I20: =IFERROR(F20/D20-1,0) -> -0.55221181 | K20: Dec | L20: =AGPN!D18+AGPc!D18+AGPs!D17 -> 23453987016 | M20: =AGPN!E18+AGPc!E18+AGPs!E17 -> 24093261177 | N20: =AGPN!F18+AGPc!F18+AGPs!F17 -> 33760000000 | O20: =AGPc!G18 -> 0 | P20: =AGPs!G17 -> 0 | Q20: =AGPN!G18 -> 0 | R20: =AGPN!G18+AGPc!G18+AGPs!G17 -> 0 | S20: =IFERROR(R20/N20,0) -> 0 | T20: =IFERROR(R20/L20-1,0) -> -1 | U20: =IFERROR(R20/M20-1,0) -> -1
B21: TOTAL YTD | C21: =C13+C20 -> 295250474464 | D21: =D13+D20 -> 296500004428 | E21: =E13+E20 -> 461220000000 | F21: =F13+F20 -> 2.0557422e+11 | G21: =IFERROR(F21/E21,0) -> 0.44571835 | H21: =IFERROR(F21/C21-1,0) -> -0.30372943 | I21: =IFERROR(F21/D21-1,0) -> -0.3066637 | K21: Sem 2 | L21: =SUM(L15:L20) -> 142431678034 | M21: =SUM(M15:M20) -> 140298524452 | N21: =SUM(N15:N20) -> 208800000000 | O21: =SUM(O15:O20) -> 2.9676664e+10 | P21: =SUM(P15:P20) -> 2.2989674e+10 | Q21: =SUM(Q15:Q20) -> 1.1666416e+10 | R21: =SUM(R15:R20) -> 6.4332753e+10 | S21: =IFERROR(R21/N21,0) -> 0.30810706 | T21: =IFERROR(R21/L21-1,0) -> -0.54832553 | U21: =IFERROR(R21/M21-1,0) -> -0.54145809
B22: AVG YTD | C22: =IFERROR(AVERAGE(C7:C12,C14:C19),0) -> 2.4604206e+10 | D22: =IFERROR(AVERAGE(D7:D12,D14:D19),0) -> 2.4708334e+10 | E22: =IFERROR(AVERAGE(E7:E12,E14:E19),0) -> 38435000000 | F22: =IFERROR(AVERAGE(F7:F12,F14:F19),0) -> 1.7131185e+10 | G22: =IFERROR(F22/E22,0) -> 0.44571835 | H22: =IFERROR(F22/C22-1,0) -> -0.30372943 | I22: =IFERROR(F22/D22-1,0) -> -0.3066637 | K22: TOTAL YTD | L22: =L14+L21 -> 273822407071 | M22: =M14+M21 -> 272293401861 | N22: =N14+N21 -> 417600000000 | O22: =O14+O21 -> 8.4170166e+10 | P22: =P14+P21 -> 6.7564582e+10 | Q22: =Q14+Q21 -> 3.5536555e+10 | R22: =R14+R21 -> 1.872713e+11 | S22: =IFERROR(R22/N22,0) -> 0.44844661 | T22: =IFERROR(R22/L22-1,0) -> -0.31608481 | U22: =IFERROR(R22/M22-1,0) -> -0.31224443
K23: AVG YTD | L23: =IFERROR(AVERAGE(L8:L13,L15:L20),0) -> 2.2818534e+10 | M23: =IFERROR(AVERAGE(M8:M13,M15:M20),0) -> 2.2691117e+10 | N23: =IFERROR(AVERAGE(N8:N13,N15:N20),0) -> 34800000000 | O23: =IFERROR(AVERAGE(O8:O13,O15:O20),0) -> 7.0141805e+09 | P23: =IFERROR(AVERAGE(P8:P13,P15:P20),0) -> 5.6303818e+09 | Q23: =IFERROR(AVERAGE(Q8:Q13,Q15:Q20),0) -> 2.9613796e+09 | R23: =IFERROR(AVERAGE(R8:R13,R15:R20),0) -> 1.5605942e+10 | S23: =IFERROR(R23/N23,0) -> 0.44844661 | T23: =IFERROR(R23/L23-1,0) -> -0.31608481 | U23: =IFERROR(R23/M23-1,0) -> -0.31224443
B26: TEAM PENJUALAN KANTOR
B29: Month | C29: TEAM PENJUALAN KANTOR | H29: Growth
C30: 2024 | D30: 2025 | E30: TGT 2026 | F30: 2026 | G30: ACH | H30: 26 vs 24 | I30: 26 vs 25
B31: Jan | C31: 1351861125 | D31: 761652488 | E31: 2500000000 | F31: 1.477951e+09 | G31: =IFERROR(F31/E31,0) -> 0.5911804 | H31: =IFERROR(F31/C31-1,0) -> 0.093271322 | I31: =IFERROR(F31/D31-1,0) -> 0.94045319
B32: Feb | C32: 1313326478 | D32: 1842823977 | E32: 2500000000 | F32: 1.6583126e+09 | G32: =IFERROR(F32/E32,0) -> 0.66332505 | H32: =IFERROR(F32/C32-1,0) -> 0.26268118 | I32: =IFERROR(F32/D32-1,0) -> -0.10012424
B33: Mar | C33: 1843100790 | D33: 1501617641 | E33: 2500000000 | F33: 9.0118811e+08 | G33: =IFERROR(F33/E33,0) -> 0.36047525 | H33: =IFERROR(F33/C33-1,0) -> -0.51104784 | I33: =IFERROR(F33/D33-1,0) -> -0.39985514
B34: Apr | C34: 810730679 | D34: 1057406211 | E34: 2500000000 | F34: 1.4225553e+09 | G34: =IFERROR(F34/E34,0) -> 0.56902211 | H34: =IFERROR(F34/C34-1,0) -> 0.75465825 | I34: =IFERROR(F34/D34-1,0) -> 0.34532525
B35: May | C35: 1514360126 | D35: 1745544024 | E35: 2500000000 | F35: 1.4803984e+09 | G35: =IFERROR(F35/E35,0) -> 0.59215936 | H35: =IFERROR(F35/C35-1,0) -> -0.022426449 | I35: =IFERROR(F35/D35-1,0) -> -0.15189856
B36: Jun | C36: 1861002962 | D36: 1281644123 | E36: 2500000000 | F36: 1.701492e+09 | G36: =IFERROR(F36/E36,0) -> 0.68059681 | H36: =IFERROR(F36/C36-1,0) -> -0.085712344 | I36: =IFERROR(F36/D36-1,0) -> 0.32758541
B37: Sem1 | C37: =SUM(C31:C36) -> 8694382160 | D37: =SUM(D31:D36) -> 8190688464 | E37: =SUM(E31:E36) -> 15000000000 | F37: =SUM(F31:F36) -> 8.6418975e+09 | G37: =IFERROR(F37/E37,0) -> 0.5761265 | H37: =IFERROR(F37/C37-1,0) -> -0.0060366226 | I37: =IFERROR(F37/D37-1,0) -> 0.055088042
B38: Jul | C38: 1666498542 | D38: 1358009119 | E38: 2500000000 | F38: 1.7738397e+09 | G38: =IFERROR(F38/E38,0) -> 0.70953589 | H38: =IFERROR(F38/C38-1,0) -> 0.0644112 | I38: =IFERROR(F38/D38-1,0) -> 0.30620604
B39: Aug | C39: 1717173680 | D39: 1683837778 | E39: 2500000000 | F39: 8.2925715e+08 | G39: =IFERROR(F39/E39,0) -> 0.33170286 | H39: =IFERROR(F39/C39-1,0) -> -0.51708021 | I39: =IFERROR(F39/D39-1,0) -> -0.50751957
B40: Sep | C40: 1702529602 | D40: 1577780609 | E40: 2500000000 | F40: 0 | G40: =IFERROR(F40/E40,0) -> 0 | H40: =IFERROR(F40/C40-1,0) -> -1 | I40: =IFERROR(F40/D40-1,0) -> -1
B41: Oct | C41: 1095384981 | D41: 2019064235 | E41: 2500000000 | F41: 0 | G41: =IFERROR(F41/E41,0) -> 0 | H41: =IFERROR(F41/C41-1,0) -> -1 | I41: =IFERROR(F41/D41-1,0) -> -1
B42: Nov | C42: 1354726476 | D42: 2118384627 | E42: 2500000000 | F42: 0 | G42: =IFERROR(F42/E42,0) -> 0 | H42: =IFERROR(F42/C42-1,0) -> -1 | I42: =IFERROR(F42/D42-1,0) -> -1
B43: Dec | C43: 1789557012 | D43: 2362184036 | E43: 2500000000 | F43: 0 | G43: =IFERROR(F43/E43,0) -> 0 | H43: =IFERROR(F43/C43-1,0) -> -1 | I43: =IFERROR(F43/D43-1,0) -> -1
B44: Sem 2 | C44: =SUM(C38:C43) -> 9325870293 | D44: =SUM(D38:D43) -> 11119260404 | E44: =SUM(E38:E43) -> 15000000000 | F44: =SUM(F38:F43) -> 2.6030969e+09 | G44: =IFERROR(F44/E44,0) -> 0.17353979 | H44: =IFERROR(F44/C44-1,0) -> -0.72087357 | I44: =IFERROR(F44/D44-1,0) -> -0.76589299
B45: TOTAL YTD | C45: =C37+C44 -> 18020252453 | D45: =D37+D44 -> 19309948868 | E45: =E37+E44 -> 30000000000 | F45: =F37+F44 -> 1.1244994e+10 | G45: =IFERROR(F45/E45,0) -> 0.37483314 | H45: =IFERROR(F45/C45-1,0) -> -0.3759802 | I45: =IFERROR(F45/D45-1,0) -> -0.417658
B46: AVG YTD | C46: =IFERROR(AVERAGE(C31:C36,C38:C43),0) -> 1.5016877e+09 | D46: =IFERROR(AVERAGE(D31:D36,D38:D43),0) -> 1.6091624e+09 | E46: =IFERROR(AVERAGE(E31:E36,E38:E43),0) -> 2500000000 | F46: =IFERROR(AVERAGE(F31:F36,F38:F43),0) -> 9.3708286e+08 | G46: =IFERROR(F46/E46,0) -> 0.37483314 | H46: =IFERROR(F46/C46-1,0) -> -0.3759802 | I46: =IFERROR(F46/D46-1,0) -> -0.417658
B48: TEAM PENJUALAN GREEN GO
B51: Month | C51: TEAM PENJUALAN GREEN GO | H51: Growth | K51: =SUM(F36,F58) -> 2.3002169e+09
C52: 2024 | D52: 2025 | E52: TGT 2026 | F52: 2026 | G52: ACH | H52: 26 vs 24 | I52: 26 vs 25 | K52: =SUM(F38,F60) -> 2.0301929e+09
B53: Jan | C53: 222063975 | D53: 233416696 | E53: 500000000 | F53: 3.3352445e+08 | G53: =IFERROR(F53/E53,0) -> 0.6670489 | H53: =IFERROR(F53/C53-1,0) -> 0.50192956 | I53: =IFERROR(F53/D53-1,0) -> 0.42888
B54: Feb | C54: 193420457 | D54: 293631601 | E54: 500000000 | F54: 4.5658696e+08 | G54: =IFERROR(F54/E54,0) -> 0.91317392 | H54: =IFERROR(F54/C54-1,0) -> 1.3605929 | I54: =IFERROR(F54/D54-1,0) -> 0.55496533
B55: Mar | C55: 195593594 | D55: 232012066 | E55: 500000000 | F55: 5.3907487e+08 | G55: =IFERROR(F55/E55,0) -> 1.0781497 | H55: =IFERROR(F55/C55-1,0) -> 1.7560968 | I55: =IFERROR(F55/D55-1,0) -> 1.3234778
B56: Apr | C56: 192103231 | D56: 482409262 | E56: 500000000 | F56: 3.8666465e+08 | G56: =IFERROR(F56/E56,0) -> 0.77332931 | H56: =IFERROR(F56/C56-1,0) -> 1.0127962 | I56: =IFERROR(F56/D56-1,0) -> -0.19847174
B57: May | C57: 243071716 | D57: 245160569 | E57: 500000000 | F57: 2.2739428e+08 | G57: =IFERROR(F57/E57,0) -> 0.45478856 | H57: =IFERROR(F57/C57-1,0) -> -0.064497171 | I57: =IFERROR(F57/D57-1,0) -> -0.072467979
B58: Jun | C58: 276096441 | D58: 232189494 | E58: 500000000 | F58: 5.9872483e+08 | G58: =IFERROR(F58/E58,0) -> 1.1974497 | H58: =IFERROR(F58/C58-1,0) -> 1.1685351 | I58: =IFERROR(F58/D58-1,0) -> 1.5786043
B59: Sem1 | C59: =SUM(C53:C58) -> 1322349414 | D59: =SUM(D53:D58) -> 1718819688 | E59: =SUM(E53:E58) -> 3000000000 | F59: =SUM(F53:F58) -> 2.54197e+09 | G59: =IFERROR(F59/E59,0) -> 0.84732335 | H59: =IFERROR(F59/C59-1,0) -> 0.92231344 | I59: =IFERROR(F59/D59-1,0) -> 0.47890443
B60: Jul | C60: 203130336 | D60: 560620155 | E60: 500000000 | F60: 2.5635321e+08 | G60: =IFERROR(F60/E60,0) -> 0.51270641 | H60: =IFERROR(F60/C60-1,0) -> 0.26201341 | I60: =IFERROR(F60/D60-1,0) -> -0.5427328
B61: Aug | C61: 336910977 | D61: 543338621 | E61: 500000000 | F61: 2.1390559e+08 | G61: =IFERROR(F61/E61,0) -> 0.42781118 | H61: =IFERROR(F61/C61-1,0) -> -0.3650976 | I61: =IFERROR(F61/D61-1,0) -> -0.60631257
B62: Sep | C62: 448104767 | D62: 444301138 | E62: 500000000 | F62: 0 | G62: =IFERROR(F62/E62,0) -> 0 | H62: =IFERROR(F62/C62-1,0) -> -1 | I62: =IFERROR(F62/D62-1,0) -> -1
B63: Oct | C63: 319430128 | D63: 334861118 | E63: 500000000 | F63: 0 | G63: =IFERROR(F63/E63,0) -> 0 | H63: =IFERROR(F63/C63-1,0) -> -1 | I63: =IFERROR(F63/D63-1,0) -> -1
B64: Nov | C64: 469817167 | D64: 355694977 | E64: 500000000 | F64: 0 | G64: =IFERROR(F64/E64,0) -> 0 | H64: =IFERROR(F64/C64-1,0) -> -1 | I64: =IFERROR(F64/D64-1,0) -> -1
B65: Dec | C65: 308072151 | D65: 269374610 | E65: 500000000 | F65: 0 | G65: =IFERROR(F65/E65,0) -> 0 | H65: =IFERROR(F65/C65-1,0) -> -1 | I65: =IFERROR(F65/D65-1,0) -> -1
B66: Sem 2 | C66: =SUM(C60:C65) -> 2085465526 | D66: =SUM(D60:D65) -> 2508190619 | E66: =SUM(E60:E65) -> 3000000000 | F66: =SUM(F60:F65) -> 4.7025879e+08 | G66: =IFERROR(F66/E66,0) -> 0.15675293 | H66: =IFERROR(F66/C66-1,0) -> -0.77450656 | I66: =IFERROR(F66/D66-1,0) -> -0.81251074
B67: TOTAL YTD | C67: =C59+C66 -> 3407814940 | D67: =D59+D66 -> 4227010307 | E67: =E59+E66 -> 6000000000 | F67: =F59+F66 -> 3.0122288e+09 | G67: =IFERROR(F67/E67,0) -> 0.50203814 | H67: =IFERROR(F67/C67-1,0) -> -0.11608204 | I67: =IFERROR(F67/D67-1,0) -> -0.2873855
B68: AVG YTD | C68: =IFERROR(AVERAGE(C53:C58,C60:C65),0) -> 2.8398458e+08 | D68: =IFERROR(AVERAGE(D53:D58,D60:D65),0) -> 3.5225086e+08 | E68: =IFERROR(AVERAGE(E53:E58,E60:E65),0) -> 500000000 | F68: =IFERROR(AVERAGE(F53:F58,F60:F65),0) -> 2.5101907e+08 | G68: =IFERROR(F68/E68,0) -> 0.50203814 | H68: =IFERROR(F68/C68-1,0) -> -0.11608204 | I68: =IFERROR(F68/D68-1,0) -> -0.2873855

Sheet TELE
C3: TELEMARKETING
C6: Month | D6: PENJUALAN TELEMARKETING
D7: 2025 | E7: TGT 2026 | F7: 2026 | G7: ACH
C8: Jan | D8: 0 | E8: 1040000000 | F8: 152332443 | G8: =IFERROR(F8/E8,0) -> 0.1464735
C9: Feb | D9: 0 | E9: 1040000000 | F9: 2.113022e+08 | G9: =IFERROR(F9/E9,0) -> 0.20317519
C10: Mar | D10: 0 | E10: 1040000000 | F10: 2.1298792e+08 | G10: =IFERROR(F10/E10,0) -> 0.20479607
C11: Apr | D11: 0 | E11: 500000000 | F11: 5.6149107e+08 | G11: =IFERROR(F11/E11,0) -> 1.1229821
C12: May | D12: 6953873 | E12: 500000000 | F12: 5.1190568e+08 | G12: =IFERROR(F12/E12,0) -> 1.0238114
C13: Jun | D13: 44252286 | E13: 500000000 | F13: ='TELE-Harian'!E14 -> 5.9861653e+08 | G13: =IFERROR(F13/E13,0) -> 1.1972331
C14: Sem1 | D14: =SUM(D8:D13) -> 51206159 | E14: =SUM(E8:E13) -> 4620000000 | F14: =SUM(F8:F13) -> 2.2486358e+09 | G14: =IFERROR(F14/E14,0) -> 0.48671771
C15: Jul | D15: 51748216 | E15: 500000000 | F15: ='TELE-Harian'!E26 -> 5.7220066e+08 | G15: =IFERROR(F15/E15,0) -> 1.1444013
C16: Aug | D16: 49134832 | E16: 500000000 | F16: ='TELE-Harian'!E37 -> 6.5999936e+08 | G16: =IFERROR(F16/E16,0) -> 1.3199987
C17: Sep | D17: 89081629 | E17: 500000000 | F17: ='TELE-Harian'!E48 -> 5.6485372e+08 | G17: =IFERROR(F17/E17,0) -> 1.1297074
C18: Oct | D18: 136198040 | E18: 500000000 | F18: 0 | G18: =IFERROR(F18/E18,0) -> 0
C19: Nov | D19: 169964820 | E19: 500000000 | F19: 0 | G19: =IFERROR(F19/E19,0) -> 0
C20: Dec | D20: 122309696 | E20: 500000000 | F20: 0 | G20: =IFERROR(F20/E20,0) -> 0
C21: Sem 2 | D21: =SUM(D15:D20) -> 618437233 | E21: =SUM(E15:E20) -> 3000000000 | F21: =SUM(F15:F20) -> 1.7970537e+09 | G21: =IFERROR(F21/E21,0) -> 0.59901791
C22: TOTAL YTD | D22: =D14+D21 -> 669643392 | E22: =E14+E21 -> 7620000000 | F22: =F14+F21 -> 4.0456896e+09 | G22: =IFERROR(F22/E22,0) -> 0.53093039
C23: AVG YTD | D23: =IFERROR(AVERAGE(D12:D13,D15:D20),0) -> 83705424 | E23: =IFERROR(AVERAGE(E8:E13,E15:E20),0) -> 635000000 | F23: =IFERROR(AVERAGE(F8:F13,F15:F20),0) -> 3.371408e+08 | G23: =IFERROR(F23/E23,0) -> 0.53093039

Sheet AGPN
C4: Month | D4: TEAM PENJUALAN AGPN | I4: Growth
D5: 2024 | E5: 2025 | F5: TGT 2026 | G5: 2026 | H5: ACH | I5: 26 vs 24 | J5: 26 vs 25
C6: Jan | D6: =D40+M40+D63 -> 5619094995 | E6: =E40+N40+E63 -> 3574991702 | F6: =F40+O40+F63 -> 8800000000 | G6: =G40+P40+G63 -> 5016540388 | H6: =IFERROR(G6/F6,0) -> 0.57006141 | I6: =IFERROR(G6/D6-1,0) -> -0.10723339 | J6: =IFERROR(G6/E6-1,0) -> 0.40323134
C7: Feb | D7: =D41+M41+D64 -> 5052316572 | E7: =E41+N41+E64 -> 4606804951 | F7: =F41+O41+F64 -> 8800000000 | G7: =G41+P41+G64 -> 5.0309831e+09 | H7: =IFERROR(G7/F7,0) -> 0.57170262 | I7: =IFERROR(G7/D7-1,0) -> -0.0042225159 | J7: =IFERROR(G7/E7-1,0) -> 0.092076426
C8: Mar | D8: =D42+M42+D65 -> 3913099239 | E8: =E42+N42+E65 -> 3779221983 | F8: =F42+O42+F65 -> 8800000000 | G8: =G42+P42+G65 -> 2.3041601e+09 | H8: =IFERROR(G8/F8,0) -> 0.26183638 | I8: =IFERROR(G8/D8-1,0) -> -0.41116747 | J8: =IFERROR(G8/E8-1,0) -> -0.39030834
C9: Apr | D9: =D43+M43+D66 -> 2767402303 | E9: =E43+N43+E66 -> 4097804836 | F9: =F43+O43+F66 -> 8800000000 | G9: =G43+P43+G66 -> 4.8171723e+09 | H9: =IFERROR(G9/F9,0) -> 0.54740594 | I9: =IFERROR(G9/D9-1,0) -> 0.74068377 | J9: =IFERROR(G9/E9-1,0) -> 0.17554946
C10: May | D10: =D44+M44+D67 -> 4955893592 | E10: =E44+N44+E67 -> 4574934934 | F10: =F44+O44+F67 -> 8800000000 | G10: =G44+P44+G67 -> 3.2575439e+09 | H10: =IFERROR(G10/F10,0) -> 0.37017545 | I10: =IFERROR(G10/D10-1,0) -> -0.34269292 | J10: =IFERROR(G10/E10-1,0) -> -0.28795841
C11: Jun | D11: =D45+M45+D68 -> 5312328160 | E11: =E45+N45+E68 -> 3888923990 | F11: =F45+O45+F68 -> 8800000000 | G11: =G45+P45+G68 -> 3.4437395e+09 | H11: =IFERROR(G11/F11,0) -> 0.39133404 | I11: =IFERROR(G11/D11-1,0) -> -0.35174571 | J11: =IFERROR(G11/E11-1,0) -> -0.11447497
C12: Sem1 | D12: =SUM(D6:D11) -> 27620134861 | E12: =SUM(E6:E11) -> 24522682396 | F12: =SUM(F6:F11) -> 52800000000 | G12: =SUM(G6:G11) -> 2.3870139e+10 | H12: =IFERROR(G12/F12,0) -> 0.45208597 | I12: =IFERROR(G12/D12-1,0) -> -0.13577036 | J12: =IFERROR(G12/E12-1,0) -> -0.026609775
C13: Jul | D13: =D47+M47+D70 -> 4524480100 | E13: =E47+N47+E70 -> 4239851823 | F13: =F47+O47+F70 -> 8800000000 | G13: =G47+P47+G70 -> 4.926376e+09 | H13: =IFERROR(G13/F13,0) -> 0.55981546 | I13: =IFERROR(G13/D13-1,0) -> 0.088826982 | J13: =IFERROR(G13/E13-1,0) -> 0.16192174
C14: Aug | D14: =D48+M48+D71 -> 4828238763 | E14: =E48+N48+E71 -> 4537641777 | F14: =F48+O48+F71 -> 8800000000 | G14: =G48+P48+G71 -> 3.659961e+09 | H14: =IFERROR(G14/F14,0) -> 0.41590465 | I14: =IFERROR(G14/D14-1,0) -> -0.2419677 | J14: =IFERROR(G14/E14-1,0) -> -0.19342224
C15: Sep | D15: =D49+M49+D72 -> 4023405984 | E15: =E49+N49+E72 -> 4686321831 | F15: =F49+O49+F72 -> 8800000000 | G15: =G49+P49+G72 -> 3.0800791e+09 | H15: =IFERROR(G15/F15,0) -> 0.35000899 | I15: =IFERROR(G15/D15-1,0) -> -0.23445978 | J15: =IFERROR(G15/E15-1,0) -> -0.34275127
C16: Oct | D16: =D50+M50+D73 -> 4796604815 | E16: =E50+N50+E73 -> 4743458863 | F16: =F50+O50+F73 -> 8800000000 | G16: =G50+P50+G73 -> 0 | H16: =IFERROR(G16/F16,0) -> 0 | I16: =IFERROR(G16/D16-1,0) -> -1 | J16: =IFERROR(G16/E16-1,0) -> -1
C17: Nov | D17: =D51+M51+D74 -> 4021067246 | E17: =E51+N51+E74 -> 4317909388 | F17: =F51+O51+F74 -> 8800000000 | G17: =G51+P51+G74 -> 0 | H17: =IFERROR(G17/F17,0) -> 0 | I17: =IFERROR(G17/D17-1,0) -> -1 | J17: =IFERROR(G17/E17-1,0) -> -1
C18: Dec | D18: =D52+M52+D75 -> 4430267783 | E18: =E52+N52+E75 -> 5001863423 | F18: =F52+O52+F75 -> 8800000000 | G18: =G52+P52+G75 -> 0 | H18: =IFERROR(G18/F18,0) -> 0 | I18: =IFERROR(G18/D18-1,0) -> -1 | J18: =IFERROR(G18/E18-1,0) -> -1
C19: Sem 2 | D19: =SUM(D13:D18) -> 26624064691 | E19: =SUM(E13:E18) -> 27527047105 | F19: =SUM(F13:F18) -> 52800000000 | G19: =SUM(G13:G18) -> 1.1666416e+10 | H19: =IFERROR(G19/F19,0) -> 0.22095485 | I19: =IFERROR(G19/D19-1,0) -> -0.56180936 | J19: =IFERROR(G19/E19-1,0) -> -0.57618353
C20: TOTAL YTD | D20: =D12+D19 -> 54244199552 | E20: =E12+E19 -> 52049729501 | F20: =F12+F19 -> 105600000000 | G20: =G12+G19 -> 3.5536555e+10 | H20: =IFERROR(G20/F20,0) -> 0.33652041 | I20: =IFERROR(G20/D20-1,0) -> -0.34487824 | J20: =IFERROR(G20/E20-1,0) -> -0.31725764
C21: AVG YTD | D21: =IFERROR(AVERAGE(D6:D11,D13:D18),0) -> 4.52035e+09 | E21: =IFERROR(AVERAGE(E6:E11,E13:E18),0) -> 4.3374775e+09 | F21: =IFERROR(AVERAGE(F6:F11,F13:F18),0) -> 8800000000 | G21: =IFERROR(AVERAGE(G6:G11,G13:G18),0) -> 2.9613796e+09 | H21: =IFERROR(G21/F21,0) -> 0.33652041 | I21: =IFERROR(G21/D21-1,0) -> -0.34487824 | J21: =IFERROR(G21/E21-1,0) -> -0.31725764
C23: 2024 -2025 | G23: ACH 2026 vs TGT 2026
C25: =E20-D20 -> -2194470051
G26: =G20-F20 -> -7.0063445e+10
C27: 2025 -2026
C29: =G20-E20 -> -1.6513174e+10 | G29: TANDA TANGAN SCM
C35: TEAM PENJUALAN AGPN - LUAR PULAU | L35: TEAM PENJUALAN CIKAMPEK
C38: Month | D38: TEAM PENJUALAN LUAR PULAU | I38: Growth | L38: Month | M38: TEAM PENJUALAN AGPN - CIKAMPEK | R38: Growth
D39: 2024 | E39: 2025 | F39: TGT 2026 | G39: 2026 | H39: ACH | I39: 26 vs 24 | J39: 26 vs 25 | M39: 2024 | N39: 2025 | O39: TGT 2026 | P39: 2026 | Q39: ACH | R39: 26 vs 24 | S39: 26 vs 25
C40: Jan | D40: 2951632629 | E40: 1246298071 | F40: 5500000000 | G40: ='AGPn-Harian'!E19 -> 2541489240 | H40: =IFERROR(G40/F40,0) -> 0.46208895 | I40: =IFERROR(G40/D40-1,0) -> -0.13895476 | J40: =IFERROR(G40/E40-1,0) -> 1.0392307 | L40: Jan | M40: 2144848271 | N40: 1793833641 | O40: 2000000000 | P40: ='AGPn-Harian'!E24 -> 1547094181 | Q40: =IFERROR(P40/O40,0) -> 0.77354709 | R40: =IFERROR(P40/M40-1,0) -> -0.27869295 | S40: =IFERROR(P40/N40-1,0) -> -0.13754869
C41: Feb | D41: 2595950273 | E41: 2756777946 | F41: 5500000000 | G41: ='AGPn-Harian'!E56 -> 2.2092057e+09 | H41: =IFERROR(G41/F41,0) -> 0.40167376 | I41: =IFERROR(G41/D41-1,0) -> -0.14897996 | J41: =IFERROR(G41/E41-1,0) -> -0.19862762 | L41: Feb | M41: 1974281424 | N41: 1304399527 | O41: 2000000000 | P41: ='AGPn-Harian'!E63 -> 1.7461355e+09 | Q41: =IFERROR(P41/O41,0) -> 0.87306777 | R41: =IFERROR(P41/M41-1,0) -> -0.11555895 | S41: =IFERROR(P41/N41-1,0) -> 0.33865085
C42: Mar | D42: 1839478427 | E42: 1714603742 | F42: 5500000000 | G42: ='AGPn-Harian'!E93 -> 6.5358174e+08 | H42: =IFERROR(G42/F42,0) -> 0.11883304 | I42: =IFERROR(G42/D42-1,0) -> -0.64469182 | J42: =IFERROR(G42/E42-1,0) -> -0.6188147 | L42: Mar | M42: 1543723791 | N42: 1573577016 | O42: 2000000000 | P42: ='AGPn-Harian'!E100 -> 1.0694967e+09 | Q42: =IFERROR(P42/O42,0) -> 0.53474837 | R42: =IFERROR(P42/M42-1,0) -> -0.30719682 | S42: =IFERROR(P42/N42-1,0) -> -0.32034038
C43: Apr | D43: 1249970715 | E43: 2142254698 | F43: 5500000000 | G43: ='AGPn-Harian'!E130 -> 1.7240114e+09 | H43: =IFERROR(G43/F43,0) -> 0.31345661 | I43: =IFERROR(G43/D43-1,0) -> 0.3792414 | J43: =IFERROR(G43/E43-1,0) -> -0.19523511 | L43: Apr | M43: 1240020864 | N43: 1532695868 | O43: 2000000000 | P43: ='AGPn-Harian'!E137 -> 2.4098546e+09 | Q43: =IFERROR(P43/O43,0) -> 1.2049273 | R43: =IFERROR(P43/M43-1,0) -> 0.94339839 | S43: =IFERROR(P43/N43-1,0) -> 0.57229794
C44: May | D44: 2290408512 | E44: 2293877298 | F44: 5500000000 | G44: ='AGPn-Harian'!E167 -> 1.5029642e+09 | H44: =IFERROR(G44/F44,0) -> 0.27326623 | I44: =IFERROR(G44/D44-1,0) -> -0.34380079 | J44: =IFERROR(G44/E44-1,0) -> -0.34479309 | L44: May | M44: 2133924535 | N44: 1507889574 | O44: 2000000000 | P44: ='AGPn-Harian'!E174 -> 1.1816064e+09 | Q44: =IFERROR(P44/O44,0) -> 0.59080319 | R44: =IFERROR(P44/M44-1,0) -> -0.44627546 | S44: =IFERROR(P44/N44-1,0) -> -0.216384
C45: Jun | D45: 2659615300 | E45: 1839629453 | F45: 5500000000 | G45: ='AGPn-Harian'!E204 -> 1.3219244e+09 | H45: =IFERROR(G45/F45,0) -> 0.24034989 | I45: =IFERROR(G45/D45-1,0) -> -0.50296407 | J45: =IFERROR(G45/E45-1,0) -> -0.28141813 | L45: Jun | M45: 2102051274 | N45: 1483982175 | O45: 2000000000 | P45: ='AGPn-Harian'!E211 -> 1.4182772e+09 | Q45: =IFERROR(P45/O45,0) -> 0.70913858 | R45: =IFERROR(P45/M45-1,0) -> -0.32528898 | S45: =IFERROR(P45/N45-1,0) -> -0.044276144
C46: Sem1 | D46: =SUM(D40:D45) -> 13587055856 | E46: =SUM(E40:E45) -> 11993441208 | F46: =SUM(F40:F45) -> 33000000000 | G46: =SUM(G40:G45) -> 9.9531767e+09 | H46: =IFERROR(G46/F46,0) -> 0.30161141 | I46: =IFERROR(G46/D46-1,0) -> -0.26745155 | J46: =IFERROR(G46/E46-1,0) -> -0.17011502 | L46: Sem1 | M46: =SUM(M40:M45) -> 11138850159 | N46: =SUM(N40:N45) -> 9196377801 | O46: =SUM(O40:O45) -> 12000000000 | P46: =SUM(P40:P45) -> 9.3724646e+09 | Q46: =IFERROR(P46/O46,0) -> 0.78103871 | R46: =IFERROR(P46/M46-1,0) -> -0.15857881 | S46: =IFERROR(P46/N46-1,0) -> 0.019147406
C47: Jul | D47: 2366153309 | E47: 1806751811 | F47: 5500000000 | G47: ='AGPn-Harian'!E241 -> 2.2728103e+09 | H47: =IFERROR(G47/F47,0) -> 0.41323824 | I47: =IFERROR(G47/D47-1,0) -> -0.039449251 | J47: =IFERROR(G47/E47-1,0) -> 0.25795381 | L47: Jul | M47: 1733452286 | N47: 1780231920 | O47: 2000000000 | P47: ='AGPn-Harian'!E246 -> 2.0205788e+09 | Q47: =IFERROR(P47/O47,0) -> 1.0102894 | R47: =IFERROR(P47/M47-1,0) -> 0.16563856 | S47: =IFERROR(P47/N47-1,0) -> 0.13500877
C48: Aug | D48: 2510671440 | E48: 2410527884 | F48: 5500000000 | G48: ='AGPn-Harian'!E278 -> 1.7360501e+09 | H48: =IFERROR(G48/F48,0) -> 0.31564548 | I48: =IFERROR(G48/D48-1,0) -> -0.30853153 | J48: =IFERROR(G48/E48-1,0) -> -0.279805 | L48: Aug | M48: 1703564347 | N48: 1205157269 | O48: 2000000000 | P48: ='AGPn-Harian'!E283 -> 1.2411529e+09 | Q48: =IFERROR(P48/O48,0) -> 0.62057644 | R48: =IFERROR(P48/M48-1,0) -> -0.27143763 | S48: =IFERROR(P48/N48-1,0) -> 0.029867982
C49: Sep | D49: 2000568212 | E49: 2355545193 | F49: 5500000000 | G49: ='AGPn-Harian'!E315 -> 1.269396e+09 | H49: =IFERROR(G49/F49,0) -> 0.23079927 | I49: =IFERROR(G49/D49-1,0) -> -0.36548228 | J49: =IFERROR(G49/E49-1,0) -> -0.46110311 | L49: Sep | M49: 1507269278 | N49: 1605142366 | O49: 2000000000 | P49: ='AGPn-Harian'!E322 -> 1.4500042e+09 | Q49: =IFERROR(P49/O49,0) -> 0.72500209 | R49: =IFERROR(P49/M49-1,0) -> -0.037992611 | S49: =IFERROR(P49/N49-1,0) -> -0.096650731
C50: Oct | D50: 2567361124 | E50: 1988159250 | F50: 5500000000 | G50: 0 | H50: =IFERROR(G50/F50,0) -> 0 | I50: =IFERROR(G50/D50-1,0) -> -1 | J50: =IFERROR(G50/E50-1,0) -> -1 | L50: Oct | M50: 1645482434 | N50: 1792454231 | O50: 2000000000 | P50: 0 | Q50: =IFERROR(P50/O50,0) -> 0 | R50: =IFERROR(P50/M50-1,0) -> -1 | S50: =IFERROR(P50/N50-1,0) -> -1
C51: Nov | D51: 1746323926 | E51: 2083667566 | F51: 5500000000 | G51: 0 | H51: =IFERROR(G51/F51,0) -> 0 | I51: =IFERROR(G51/D51-1,0) -> -1 | J51: =IFERROR(G51/E51-1,0) -> -1 | L51: Nov | M51: 1613146475 | N51: 1393255787 | O51: 2000000000 | P51: 0 | Q51: =IFERROR(P51/O51,0) -> 0 | R51: =IFERROR(P51/M51-1,0) -> -1 | S51: =IFERROR(P51/N51-1,0) -> -1
C52: Dec | D52: 2370917248 | E52: 2531555300 | F52: 5500000000 | G52: 0 | H52: =IFERROR(G52/F52,0) -> 0 | I52: =IFERROR(G52/D52-1,0) -> -1 | J52: =IFERROR(G52/E52-1,0) -> -1 | L52: Dec | M52: 1437922484 | N52: 1745787005 | O52: 2000000000 | P52: 0 | Q52: =IFERROR(P52/O52,0) -> 0 | R52: =IFERROR(P52/M52-1,0) -> -1 | S52: =IFERROR(P52/N52-1,0) -> -1
C53: Sem 2 | D53: =SUM(D47:D52) -> 13561995259 | E53: =SUM(E47:E52) -> 13176207004 | F53: =SUM(F47:F52) -> 33000000000 | G53: =SUM(G47:G52) -> 5.2782564e+09 | H53: =IFERROR(G53/F53,0) -> 0.15994717 | I53: =IFERROR(G53/D53-1,0) -> -0.61080532 | J53: =IFERROR(G53/E53-1,0) -> -0.59941002 | L53: Sem 2 | M53: =SUM(M47:M52) -> 9640837304 | N53: =SUM(N47:N52) -> 9522028578 | O53: =SUM(O47:O52) -> 12000000000 | P53: =SUM(P47:P52) -> 4.7117359e+09 | Q53: =IFERROR(P53/O53,0) -> 0.39264466 | R53: =IFERROR(P53/M53-1,0) -> -0.51127317 | S53: =IFERROR(P53/N53-1,0) -> -0.5051752
C54: TOTAL YTD | D54: =D46+D53 -> 27149051115 | E54: =E46+E53 -> 25169648212 | F54: =F46+F53 -> 66000000000 | G54: =G46+G53 -> 1.5231433e+10 | H54: =IFERROR(G54/F54,0) -> 0.23077929 | I54: =IFERROR(G54/D54-1,0) -> -0.43896996 | J54: =IFERROR(G54/E54-1,0) -> -0.39484919 | L54: TOTAL YTD | M54: =M46+M53 -> 20779687463 | N54: =N46+N53 -> 18718406379 | O54: =O46+O53 -> 24000000000 | P54: =P46+P53 -> 1.40842e+10 | Q54: =IFERROR(P54/O54,0) -> 0.58684169 | R54: =IFERROR(P54/M54-1,0) -> -0.32221307 | S54: =IFERROR(P54/N54-1,0) -> -0.24757481
C55: AVG YTD | D55: =IFERROR(AVERAGE(D40:D45,D47:D52),0) -> 2.2624209e+09 | E55: =IFERROR(AVERAGE(E40:E45,E47:E52),0) -> 2.0974707e+09 | F55: =IFERROR(AVERAGE(F40:F45,F47:F52),0) -> 5500000000 | G55: =IFERROR(AVERAGE(G40:G45,G47:G52),0) -> 1.2692861e+09 | H55: =IFERROR(G55/F55,0) -> 0.23077929 | I55: =IFERROR(G55/D55-1,0) -> -0.43896996 | J55: =IFERROR(G55/E55-1,0) -> -0.39484919 | L55: AVG YTD | M55: =IFERROR(AVERAGE(M40:M45,M47:M52),0) -> 1.7316406e+09 | N55: =IFERROR(AVERAGE(N40:N45,N47:N52),0) -> 1.5598672e+09 | O55: =IFERROR(AVERAGE(O40:O45,O47:O52),0) -> 2000000000 | P55: =IFERROR(AVERAGE(P40:P45,P47:P52),0) -> 1.1736834e+09 | Q55: =IFERROR(P55/O55,0) -> 0.58684169 | R55: =IFERROR(P55/M55-1,0) -> -0.32221307 | S55: =IFERROR(P55/N55-1,0) -> -0.24757481
C58: BANDUNG + GARUT
C61: Month | D61: TEAM PENJUALAN BANDUNG + GARUT | I61: Growth
D62: 2024 | E62: 2025 | F62: TGT 2026 | G62: 2026 | H62: ACH | I62: 26 vs 24 | J62: 26 vs 25
C63: Jan | D63: 522614095 | E63: 534859990 | F63: 1300000000 | G63: ='AGPn-Harian'!E33 -> 927956967 | H63: =IFERROR(G63/F63,0) -> 0.71381305 | I63: =IFERROR(G63/D63-1,0) -> 0.77560647 | J63: =IFERROR(G63/E63-1,0) -> 0.73495304
C64: Feb | D64: 482084875 | E64: 545627478 | F64: 1300000000 | G64: ='AGPn-Harian'!E70 -> 1.0756418e+09 | H64: =IFERROR(G64/F64,0) -> 0.8274168 | I64: =IFERROR(G64/D64-1,0) -> 1.2312292 | J64: =IFERROR(G64/E64-1,0) -> 0.97138502
C65: Mar | D65: 529897021 | E65: 491041225 | F65: 1300000000 | G65: ='AGPn-Harian'!E107 -> 5.8108164e+08 | H65: =IFERROR(G65/F65,0) -> 0.44698588 | I65: =IFERROR(G65/D65-1,0) -> 0.096593519 | J65: =IFERROR(G65/E65-1,0) -> 0.1833663
C66: Apr | D66: 277410724 | E66: 422854270 | F66: 1300000000 | G66: ='AGPn-Harian'!E144 -> 6.8330636e+08 | H66: =IFERROR(G66/F66,0) -> 0.52562027 | I66: =IFERROR(G66/D66-1,0) -> 1.4631577 | J66: =IFERROR(G66/E66-1,0) -> 0.61593817
C67: May | D67: 531560545 | E67: 773168062 | F67: 1300000000 | G67: ='AGPn-Harian'!E181 -> 5.7297331e+08 | H67: =IFERROR(G67/F67,0) -> 0.4407487 | I67: =IFERROR(G67/D67-1,0) -> 0.077907892 | J67: =IFERROR(G67/E67-1,0) -> -0.25892786
C68: Jun | D68: 550661586 | E68: 565312362 | F68: 1300000000 | G68: ='AGPn-Harian'!E218 -> 7.0353799e+08 | H68: =IFERROR(G68/F68,0) -> 0.54118307 | I68: =IFERROR(G68/D68-1,0) -> 0.27762315 | J68: =IFERROR(G68/E68-1,0) -> 0.24451195
C69: Sem1 | D69: =SUM(D63:D68) -> 2894228846 | E69: =SUM(E63:E68) -> 3332863387 | F69: =SUM(F63:F68) -> 7800000000 | G69: =SUM(G63:G68) -> 4.5444981e+09 | H69: =IFERROR(G69/F69,0) -> 0.58262796 | I69: =IFERROR(G69/D69-1,0) -> 0.57019308 | J69: =IFERROR(G69/E69-1,0) -> 0.36354167
C70: Jul | D70: 424874505 | E70: 652868092 | F70: 1300000000 | G70: ='AGPn-Harian'!E253 -> 6.3298685e+08 | H70: =IFERROR(G70/F70,0) -> 0.48691296 | I70: =IFERROR(G70/D70-1,0) -> 0.48982073 | J70: =IFERROR(G70/E70-1,0) -> -0.030452164
C71: Aug | D71: 614002976 | E71: 921956624 | F71: 1300000000 | G71: ='AGPn-Harian'!E290 -> 6.8275794e+08 | H71: =IFERROR(G71/F71,0) -> 0.52519842 | I71: =IFERROR(G71/D71-1,0) -> 0.11197823 | J71: =IFERROR(G71/E71-1,0) -> -0.25944679
C72: Sep | D72: 515568494 | E72: 725634272 | F72: 1300000000 | G72: ='AGPn-Harian'!E329 -> 3.6067893e+08 | H72: =IFERROR(G72/F72,0) -> 0.27744533 | I72: =IFERROR(G72/D72-1,0) -> -0.30042481 | J72: =IFERROR(G72/E72-1,0) -> -0.50294668
C73: Oct | D73: 583761257 | E73: 962845382 | F73: 1300000000 | G73: 0 | H73: =IFERROR(G73/F73,0) -> 0 | I73: =IFERROR(G73/D73-1,0) -> -1 | J73: =IFERROR(G73/E73-1,0) -> -1
C74: Nov | D74: 661596845 | E74: 840986035 | F74: 1300000000 | G74: 0 | H74: =IFERROR(G74/F74,0) -> 0 | I74: =IFERROR(G74/D74-1,0) -> -1 | J74: =IFERROR(G74/E74-1,0) -> -1
C75: Dec | D75: 621428051 | E75: 724521118 | F75: 1300000000 | G75: 0 | H75: =IFERROR(G75/F75,0) -> 0 | I75: =IFERROR(G75/D75-1,0) -> -1 | J75: =IFERROR(G75/E75-1,0) -> -1
C76: Sem 2 | D76: =SUM(D70:D75) -> 3421232128 | E76: =SUM(E70:E75) -> 4828811523 | F76: =SUM(F70:F75) -> 7800000000 | G76: =SUM(G70:G75) -> 1.6764237e+09 | H76: =IFERROR(G76/F76,0) -> 0.21492612 | I76: =IFERROR(G76/D76-1,0) -> -0.50999416 | J76: =IFERROR(G76/E76-1,0) -> -0.65282892
C77: TOTAL YTD | D77: =D69+D76 -> 6315460974 | E77: =E69+E76 -> 8161674910 | F77: =F69+F76 -> 15600000000 | G77: =G69+G76 -> 6.2209218e+09 | H77: =IFERROR(G77/F77,0) -> 0.39877704 | I77: =IFERROR(G77/D77-1,0) -> -0.01496948 | J77: =IFERROR(G77/E77-1,0) -> -0.23778858
C78: AVG YTD | D78: =IFERROR(AVERAGE(D63:D68,D70:D75),0) -> 5.2628841e+08 | E78: =IFERROR(AVERAGE(E63:E68,E70:E75),0) -> 6.8013958e+08 | F78: =IFERROR(AVERAGE(F63:F68,F70:F75),0) -> 1300000000 | G78: =IFERROR(AVERAGE(G63:G68,G70:G75),0) -> 5.1841015e+08 | H78: =IFERROR(G78/F78,0) -> 0.39877704 | I78: =IFERROR(G78/D78-1,0) -> -0.01496948 | J78: =IFERROR(G78/E78-1,0) -> -0.23778858

Sheet AGPc
C4: Month | D4: TEAM PENJUALAN AGPc | I4: Growth
D5: 2024 | E5: 2025 | F5: TGT 2026 | G5: 2026 | H5: ACH | I5: 26 vs 24 | J5: 26 vs 25
C6: Jan | D6: =SUM(D38,X38) -> 8058672985 | E6: =SUM(E38,Y38) -> 8157756904 | F6: =SUM(F38,Z38) -> 14040000000 | G6: =SUM(G38,AA38) -> 9.944665e+09 | H6: =IFERROR(G6/F6,0) -> 0.70830948 | I6: =IFERROR(G6/D6-1,0) -> 0.23403258 | J6: =IFERROR(G6/E6-1,0) -> 0.21904405
C7: Feb | D7: =SUM(D39,X39) -> 8229737374 | E7: =SUM(E39,Y39) -> 10120775617 | F7: =SUM(F39,Z39) -> 12480000000 | G7: =SUM(G39,AA39) -> 1.0890748e+10 | H7: =IFERROR(G7/F7,0) -> 0.87265607 | I7: =IFERROR(G7/D7-1,0) -> 0.32334086 | J7: =IFERROR(G7/E7-1,0) -> 0.076078374
C8: Mar | D8: =SUM(D40,X40) -> 9125985439 | E8: =SUM(E40,Y40) -> 8104379074 | F8: =SUM(F40,Z40) -> 12480000000 | G8: =SUM(G40,AA40) -> 5.2715889e+09 | H8: =IFERROR(G8/F8,0) -> 0.42240296 | I8: =IFERROR(G8/D8-1,0) -> -0.42235401 | J8: =IFERROR(G8/E8-1,0) -> -0.34953821
C9: Apr | D9: =SUM(D41,X41) -> 4936471484 | E9: =SUM(E41,Y41) -> 7076193389 | F9: =SUM(F41,Z41) -> 14040000000 | G9: =SUM(G41,AA41) -> 9.1031812e+09 | H9: =IFERROR(G9/F9,0) -> 0.64837473 | I9: =IFERROR(G9/D9-1,0) -> 0.8440664 | J9: =IFERROR(G9/E9-1,0) -> 0.28645173
C10: May | D10: =SUM(D42,X42) -> 8585568703 | E10: =SUM(E42,Y42) -> 10219021338 | F10: =SUM(F42,Z42) -> 12480000000 | G10: =SUM(G42,AA42) -> 9.594543e+09 | H10: =IFERROR(G10/F10,0) -> 0.76879351 | I10: =IFERROR(G10/D10-1,0) -> 0.1175198 | J10: =IFERROR(G10/E10-1,0) -> -0.061109408
C11: Jun | D11: =SUM(D43,X43) -> 10434470118 | E11: =SUM(E43,Y43) -> 9621574876 | F11: =SUM(F43,Z43) -> 12480000000 | G11: =SUM(G43,AA43) -> 9.6887769e+09 | H11: =IFERROR(G11/F11,0) -> 0.7763443 | I11: =IFERROR(G11/D11-1,0) -> -0.071464408 | J11: =IFERROR(G11/E11-1,0) -> 0.0069845124
C12: Sem1 | D12: =SUM(D6:D11) -> 49370906103 | E12: =SUM(E6:E11) -> 53299701198 | F12: =SUM(F6:F11) -> 78000000000 | G12: =SUM(G6:G11) -> 5.4493503e+10 | H12: =IFERROR(G12/F12,0) -> 0.69863465 | I12: =IFERROR(G12/D12-1,0) -> 0.1037574 | J12: =IFERROR(G12/E12-1,0) -> 0.022397905
C13: Jul | D13: =SUM(D45,X45) -> 9077128427 | E13: =SUM(E45,Y45) -> 10523559021 | F13: =SUM(F45,Z45) -> 12480000000 | G13: =SUM(G45,AA45) -> 1.1441452e+10 | H13: =IFERROR(G13/F13,0) -> 0.91678304 | I13: =IFERROR(G13/D13-1,0) -> 0.26047047 | J13: =IFERROR(G13/E13-1,0) -> 0.087222705
C14: Aug | D14: =SUM(D46,X46) -> 9624644911 | E14: =SUM(E46,Y46) -> 9712799769 | F14: =SUM(F46,Z46) -> 14040000000 | G14: =SUM(G46,AA46) -> 1.0463408e+10 | H14: =IFERROR(G14/F14,0) -> 0.74525697 | I14: =IFERROR(G14/D14-1,0) -> 0.087147416 | J14: =IFERROR(G14/E14-1,0) -> 0.0772803
C15: Sep | D15: =SUM(D47,X47) -> 9799462248 | E15: =SUM(E47,Y47) -> 10201204794 | F15: =SUM(F47,Z47) -> 12480000000 | G15: =SUM(G47,AA47) -> 7.7718034e+09 | H15: =IFERROR(G15/F15,0) -> 0.62274066 | I15: =IFERROR(G15/D15-1,0) -> -0.20691531 | J15: =IFERROR(G15/E15-1,0) -> -0.23814847
C16: Oct | D16: =SUM(D48,X48) -> 9861295397 | E16: =SUM(E48,Y48) -> 10115994802 | F16: =SUM(F48,Z48) -> 14040000000 | G16: =SUM(G48,AA48) -> 0 | H16: =IFERROR(G16/F16,0) -> 0 | I16: =IFERROR(G16/D16-1,0) -> -1 | J16: =IFERROR(G16/E16-1,0) -> -1
C17: Nov | D17: =SUM(D49,X49) -> 9498552111 | E17: =SUM(E49,Y49) -> 8931575417 | F17: =SUM(F49,Z49) -> 12480000000 | G17: =SUM(G49,AA49) -> 0 | H17: =IFERROR(G17/F17,0) -> 0 | I17: =IFERROR(G17/D17-1,0) -> -1 | J17: =IFERROR(G17/E17-1,0) -> -1
C18: Dec | D18: =SUM(D50,X50) -> 9371173337 | E18: =SUM(E50,Y50) -> 10887305064 | F18: =SUM(F50,Z50) -> 12480000000 | G18: =SUM(G50,AA50) -> 0 | H18: =IFERROR(G18/F18,0) -> 0 | I18: =IFERROR(G18/D18-1,0) -> -1 | J18: =IFERROR(G18/E18-1,0) -> -1
C19: Sem 2 | D19: =SUM(D13:D18) -> 57232256431 | E19: =SUM(E13:E18) -> 60372438867 | F19: =SUM(F13:F18) -> 78000000000 | G19: =SUM(G13:G18) -> 2.9676664e+10 | H19: =IFERROR(G19/F19,0) -> 0.38047005 | I19: =IFERROR(G19/D19-1,0) -> -0.48146962 | J19: =IFERROR(G19/E19-1,0) -> -0.50844021
C20: TOTAL YTD | D20: =D12+D19 -> 106603162534 | E20: =E12+E19 -> 113672140065 | F20: =F12+F19 -> 156000000000 | G20: =G12+G19 -> 8.4170166e+10 | H20: =IFERROR(G20/F20,0) -> 0.53955235 | I20: =IFERROR(G20/D20-1,0) -> -0.21043462 | J20: =IFERROR(G20/E20-1,0) -> -0.25953566
C21: AVG YTD | D21: =IFERROR(AVERAGE(D6:D11,D13:D18),0) -> 8.8835969e+09 | E21: =IFERROR(AVERAGE(E6:E11,E13:E18),0) -> 9.4726783e+09 | F21: =IFERROR(AVERAGE(F6:F11,F13:F18),0) -> 13000000000 | G21: =IFERROR(AVERAGE(G6:G11,G13:G18),0) -> 7.0141805e+09 | H21: =IFERROR(G21/F21,0) -> 0.53955235 | I21: =IFERROR(G21/D21-1,0) -> -0.21043462 | J21: =IFERROR(G21/E21-1,0) -> -0.25953566
C23: 2024 -2025 | G23: ACH 2026 vs TGT 2026
C25: =E20-D20 -> 7068977531
G26: =G20-F20 -> -7.1829834e+10
C27: 2025 -2026
C29: =G20-E20 -> -2.9501974e+10 | G29: TANDA TANGAN SCM
C36: Month | D36: AGPc BJB | I36: Growth | L36: Month | M36: BANTEN - BEKASI | P36: CHRISTOPER | R36: Growth | W36: Month | X36: AGPc JJB | AC36: Growth | AF36: Month | AG36: JAKARTA BAT - PUS | AJ36: AHMAD | AL36: Growth
D37: 2024 | E37: 2025 | F37: TGT 2026 | G37: 2026 | H37: ACH | I37: 26 vs 24 | J37: 26 vs 25 | M37: 2024 | N37: 2025 | O37: TGT 2026 | P37: 2026 | Q37: ACH | R37: 26 vs 24 | S37: 26 vs 25 | X37: 2024 | Y37: 2025 | Z37: TGT 2026 | AA37: 2026 | AB37: ACH | AC37: 26 vs 24 | AD37: 26 vs 25 | AG37: 2024 | AH37: 2025 | AI37: TGT 2026 | AJ37: 2026 | AK37: ACH | AL37: 26 vs 24 | AM37: 26 vs 25
C38: Jan | D38: =SUM(M38,D57,M57,D76,M76) -> 5062166936 | E38: =SUM(N38,E57,N57,E76,N76) -> 5191078914 | F38: =SUM(O38,O57,F57,F76,O76) -> 8564400000 | G38: =SUM(P38,P57,G57,G76,P76) -> 6.8430885e+09 | H38: =IFERROR(G38/F38,0) -> 0.79901552 | I38: =IFERROR(G38/D38-1,0) -> 0.35181013 | J38: =IFERROR(G38/E38-1,0) -> 0.31824013 | L38: Jan | M38: 856129784 | N38: 1077369788 | O38: 1541592000 | P38: =JAN!N120 -> 1.0861823e+09 | Q38: =IFERROR(P38/O38,0) -> 0.70458478 | R38: =IFERROR(P38/M38-1,0) -> 0.26871216 | S38: =IFERROR(P38/N38-1,0) -> 0.0081796223 | W38: Jan | X38: =SUM(AG38,AG57,X57,X76,AG76) -> 2996506049 | Y38: =SUM(AH38,AH57,Y57,Y76,AH76) -> 2966677990 | Z38: =SUM(AI38,AI57,Z57,Z76,AI76) -> 5475600000 | AA38: =AJ38+AJ57+AJ76+AA76+AA57 -> 3.1015765e+09 | AB38: =IFERROR(AA38/Z38,0) -> 0.56643592 | AC38: =IFERROR(AA38/X38-1,0) -> 0.035064321 | AD38: =IFERROR(AA38/Y38-1,0) -> 0.045471234 | AF38: Jan | AG38: 561406635 | AH38: 522560340 | AI38: 1040364000 | AJ38: =JAN!N132 -> 5.1465533e+08 | AK38: =IFERROR(AJ38/AI38,0) -> 0.49468776 | AL38: =IFERROR(AJ38/AG38-1,0) -> -0.08327529 | AM38: =IFERROR(AJ38/AH38-1,0) -> -0.01512745
C39: Feb | D39: =SUM(M39,D58,M58,D77,M77) -> 5265595926 | E39: =SUM(N39,E58,N58,E77,N77) -> 6849410192 | F39: =SUM(O39,O58,F58,F77,O77) -> 7612800000 | G39: =SUM(P39,P58,G58,G77,P77) -> 7.1568029e+09 | H39: =IFERROR(G39/F39,0) -> 0.94010127 | I39: =IFERROR(G39/D39-1,0) -> 0.35916296 | J39: =IFERROR(G39/E39-1,0) -> 0.044878719 | L39: Feb | M39: 1053669827 | N39: 1293671358 | O39: 1370304000 | P39: =FEB!N120 -> 1.3054953e+09 | Q39: =IFERROR(P39/O39,0) -> 0.95270489 | R39: =IFERROR(P39/M39-1,0) -> 0.23899848 | S39: =IFERROR(P39/N39-1,0) -> 0.0091398477 | W39: Feb | X39: =SUM(AG39,AG58,X58,X77,AG77) -> 2964141448 | Y39: =SUM(AH39,AH58,Y58,Y77,AH77) -> 3271365425 | Z39: =SUM(AI39,AI58,Z58,Z77,AI77) -> 4867200000 | AA39: =AJ39+AJ58+AJ77+AA77+AA58 -> 3.7339448e+09 | AB39: =IFERROR(AA39/Z39,0) -> 0.76716486 | AC39: =IFERROR(AA39/X39-1,0) -> 0.25970534 | AD39: =IFERROR(AA39/Y39-1,0) -> 0.14140254 | AF39: Feb | AG39: 527139577 | AH39: 618948675 | AI39: 924768000 | AJ39: =FEB!N132 -> 7.6531692e+08 | AK39: =IFERROR(AJ39/AI39,0) -> 0.82757721 | AL39: =IFERROR(AJ39/AG39-1,0) -> 0.45182976 | AM39: =IFERROR(AJ39/AH39-1,0) -> 0.23647881
C40: Mar | D40: =SUM(M40,D59,M59,D78,M78) -> 5667927789 | E40: =SUM(N40,E59,N59,E78,N78) -> 4792266250 | F40: =SUM(O40,O59,F59,F78,O78) -> 7612800000 | G40: =SUM(P40,P59,G59,G78,P78) -> 3.3811715e+09 | H40: =IFERROR(G40/F40,0) -> 0.44414296 | I40: =IFERROR(G40/D40-1,0) -> -0.40345544 | J40: =IFERROR(G40/E40-1,0) -> -0.29445249 | L40: Mar | M40: 1095725356 | N40: 1181432496 | O40: 1370304000 | P40: =MAR!N120 -> 7.0752717e+08 | Q40: =IFERROR(P40/O40,0) -> 0.51632862 | R40: =IFERROR(P40/M40-1,0) -> -0.3542842 | S40: =IFERROR(P40/N40-1,0) -> -0.40112772 | W40: Mar | X40: =SUM(AG40,AG59,X59,X78,AG78) -> 3458057650 | Y40: =SUM(AH40,AH59,Y59,Y78,AH78) -> 3312112824 | Z40: =SUM(AI40,AI59,Z59,Z78,AI78) -> 4867200000 | AA40: =AJ40+AJ59+AJ78+AA78+AA59 -> 1.8904174e+09 | AB40: =IFERROR(AA40/Z40,0) -> 0.38839937 | AC40: =IFERROR(AA40/X40-1,0) -> -0.4533297 | AD40: =IFERROR(AA40/Y40-1,0) -> -0.42924123 | AF40: Mar | AG40: 854407184 | AH40: 676530002 | AI40: 924768000 | AJ40: =MAR!N132 -> 2.7738044e+08 | AK40: =IFERROR(AJ40/AI40,0) -> 0.29994598 | AL40: =IFERROR(AJ40/AG40-1,0) -> -0.67535334 | AM40: =IFERROR(AJ40/AH40-1,0) -> -0.58999536
C41: Apr | D41: =SUM(M41,D60,M60,D79,M79) -> 3036975894 | E41: =SUM(N41,E60,N60,E79,N79) -> 4726086385 | F41: =SUM(O41,O60,F60,F79,O79) -> 8564400000 | G41: =SUM(P41,P60,G60,G79,P79) -> 6.24178e+09 | H41: =IFERROR(G41/F41,0) -> 0.72880529 | I41: =IFERROR(G41/D41-1,0) -> 1.0552616 | J41: =IFERROR(G41/E41-1,0) -> 0.32070798 | L41: Apr | M41: 684069851 | N41: 713434623 | O41: 1541592000 | P41: =APR!N120 -> 9.551786e+08 | Q41: =IFERROR(P41/O41,0) -> 0.61960532 | R41: =IFERROR(P41/M41-1,0) -> 0.39631735 | S41: =IFERROR(P41/N41-1,0) -> 0.33884531 | W41: Apr | X41: =SUM(AG41,AG60,X60,X79,AG79) -> 1899495590 | Y41: =SUM(AH41,AH60,Y60,Y79,AH79) -> 2350107004 | Z41: =SUM(AI41,AI60,Z60,Z79,AI79) -> 5475600000 | AA41: =AJ41+AJ60+AJ79+AA79+AA60 -> 2.8614012e+09 | AB41: =IFERROR(AA41/Z41,0) -> 0.52257309 | AC41: =IFERROR(AA41/X41-1,0) -> 0.50640056 | AD41: =IFERROR(AA41/Y41-1,0) -> 0.2175621 | AF41: Apr | AG41: 441878805 | AH41: 411979333 | AI41: 1040364000 | AJ41: =APR!N132 -> 4.8649804e+08 | AK41: =IFERROR(AJ41/AI41,0) -> 0.46762291 | AL41: =IFERROR(AJ41/AG41-1,0) -> 0.10097619 | AM41: =IFERROR(AJ41/AH41-1,0) -> 0.18087972
C42: May | D42: =SUM(M42,D61,M61,D80,M80) -> 5755695776 | E42: =SUM(N42,E61,N61,E80,N80) -> 6884974166 | F42: =SUM(O42,O61,F61,F80,O80) -> 7612800000 | G42: =SUM(P42,P61,G61,G80,P80) -> 6.3795193e+09 | H42: =IFERROR(G42/F42,0) -> 0.83799907 | I42: =IFERROR(G42/D42-1,0) -> 0.10838369 | J42: =IFERROR(G42/E42-1,0) -> -0.073414196 | L42: May | M42: 1117192553 | N42: 1401425019 | O42: 1370304000 | P42: =MEI!N120 -> 1.0757474e+09 | Q42: =IFERROR(P42/O42,0) -> 0.78504288 | R42: =IFERROR(P42/M42-1,0) -> -0.037097595 | S42: =IFERROR(P42/N42-1,0) -> -0.23239033 | W42: May | X42: =SUM(AG42,AG61,X61,X80,AG80) -> 2829872927 | Y42: =SUM(AH42,AH61,Y61,Y80,AH80) -> 3334047172 | Z42: =SUM(AI42,AI61,Z61,Z80,AI80) -> 4867200000 | AA42: =AJ42+AJ61+AJ80+AA80+AA61 -> 3.2150237e+09 | AB42: =IFERROR(AA42/Z42,0) -> 0.66054891 | AC42: =IFERROR(AA42/X42-1,0) -> 0.13610178 | AD42: =IFERROR(AA42/Y42-1,0) -> -0.035699406 | AF42: May | AG42: 532910554 | AH42: 591511487 | AI42: 924768000 | AJ42: =MEI!N132 -> 6.0125485e+08 | AK42: =IFERROR(AJ42/AI42,0) -> 0.65016831 | AL42: =IFERROR(AJ42/AG42-1,0) -> 0.12824721 | AM42: =IFERROR(AJ42/AH42-1,0) -> 0.016471968
C43: Jun | D43: =SUM(M43,D62,M62,D81,M81) -> 6941152654 | E43: =SUM(N43,E62,N62,E81,N81) -> 6586130629 | F43: =SUM(O43,O62,F62,F81,O81) -> 7612800000 | G43: =SUM(P43,P62,G62,G81,P81) -> 6.8125187e+09 | H43: =IFERROR(G43/F43,0) -> 0.89487688 | I43: =IFERROR(G43/D43-1,0) -> -0.018532069 | J43: =IFERROR(G43/E43-1,0) -> 0.034373461 | L43: Jun | M43: 1459042062 | N43: 1275156287 | O43: 1370304000 | P43: =JUN!N120 -> 1.333418e+09 | Q43: =IFERROR(P43/O43,0) -> 0.97308191 | R43: =IFERROR(P43/M43-1,0) -> -0.086100344 | S43: =IFERROR(P43/N43-1,0) -> 0.045689891 | W43: Jun | X43: =SUM(AG43,AG62,X62,X81,AG81) -> 3493317464 | Y43: =SUM(AH43,AH62,Y62,Y81,AH81) -> 3035444247 | Z43: =SUM(AI43,AI62,Z62,Z81,AI81) -> 4867200000 | AA43: =AJ43+AJ62+AJ81+AA81+AA62 -> 2.8762582e+09 | AB43: =IFERROR(AA43/Z43,0) -> 0.59094719 | AC43: =IFERROR(AA43/X43-1,0) -> -0.17663992 | AD43: =IFERROR(AA43/Y43-1,0) -> -0.052442438 | AF43: Jun | AG43: 863201050 | AH43: 611544701 | AI43: 924768000 | AJ43: =JUN!N132 -> 4.5516362e+08 | AK43: =IFERROR(AJ43/AI43,0) -> 0.49219223 | AL43: =IFERROR(AJ43/AG43-1,0) -> -0.47270265 | AM43: =IFERROR(AJ43/AH43-1,0) -> -0.25571487
C44: Sem1 | D44: =SUM(D38:D43) -> 31729514975 | E44: =SUM(E38:E43) -> 35029946536 | F44: =SUM(F38:F43) -> 47580000000 | G44: =SUM(G38:G43) -> 3.6814881e+10 | H44: =IFERROR(G44/F44,0) -> 0.77374697 | I44: =IFERROR(G44/D44-1,0) -> 0.16027242 | J44: =IFERROR(G44/E44-1,0) -> 0.050954531 | L44: Sem1 | M44: =SUM(M38:M43) -> 6265829433 | N44: =SUM(N38:N43) -> 6942489571 | O44: =SUM(O38:O43) -> 8564400000 | P44: =SUM(P38:P43) -> 6.4635488e+09 | Q44: =IFERROR(P44/O44,0) -> 0.75469955 | R44: =IFERROR(P44/M44-1,0) -> 0.031555177 | S44: =IFERROR(P44/N44-1,0) -> -0.068986892 | W44: Sem1 | X44: =SUM(X38:X43) -> 17641391128 | Y44: =SUM(Y38:Y43) -> 18269754662 | Z44: =SUM(Z38:Z43) -> 30420000000 | AA44: =SUM(AA38:AA43) -> 1.7678622e+10 | AB44: =IFERROR(AA44/Z44,0) -> 0.58115128 | AC44: =IFERROR(AA44/X44-1,0) -> 0.0021104151 | AD44: =IFERROR(AA44/Y44-1,0) -> -0.032355819 | AF44: Sem1 | AG44: =SUM(AG38:AG43) -> 3780943805 | AH44: =SUM(AH38:AH43) -> 3433074538 | AI44: =SUM(AI38:AI43) -> 5779800000 | AJ44: =SUM(AJ38:AJ43) -> 3.1002692e+09 | AK44: =IFERROR(AJ44/AI44,0) -> 0.53639732 | AL44: =IFERROR(AJ44/AG44-1,0) -> -0.18002769 | AM44: =IFERROR(AJ44/AH44-1,0) -> -0.096940898
C45: Jul | D45: =SUM(M45,D64,M64,D83,M83) -> 5875679047 | E45: =SUM(N45,E64,N64,E83,N83) -> 7267894803 | F45: =SUM(O45,O64,F64,F83,O83) -> 7612800000 | G45: =SUM(P45,P64,G64,G83,P83) -> 8.0213035e+09 | H45: =IFERROR(G45/F45,0) -> 1.0536601 | I45: =IFERROR(G45/D45-1,0) -> 0.36517047 | J45: =IFERROR(G45/E45-1,0) -> 0.10366258 | L45: Jul | M45: 1190076301 | N45: 1662797322 | O45: 1370304000 | P45: =JUL!F120 -> 1.4098456e+09 | Q45: =IFERROR(P45/O45,0) -> 1.0288561 | R45: =IFERROR(P45/M45-1,0) -> 0.18466827 | S45: =IFERROR(P45/N45-1,0) -> -0.15212419 | W45: Jul | X45: =SUM(AG45,AG64,X64,X83,AG83) -> 3201449380 | Y45: =SUM(AH45,AH64,Y64,Y83,AH83) -> 3255664218 | Z45: =SUM(AI45,AI64,Z64,Z83,AI83) -> 4867200000 | AA45: =AJ45+AJ64+AJ83+AA83+AA64 -> 3.4201488e+09 | AB45: =IFERROR(AA45/Z45,0) -> 0.70269329 | AC45: =IFERROR(AA45/X45-1,0) -> 0.068312625 | AD45: =IFERROR(AA45/Y45-1,0) -> 0.050522585 | AF45: Jul | AG45: 584231271 | AH45: 623383713 | AI45: 924768000 | AJ45: =JUL!F133 -> 6.3327063e+08 | AK45: =IFERROR(AJ45/AI45,0) -> 0.68478865 | AL45: =IFERROR(AJ45/AG45-1,0) -> 0.083938259 | AM45: =IFERROR(AJ45/AH45-1,0) -> 0.015860077
C46: Aug | D46: =SUM(M46,D65,M65,D84,M84) -> 6394118075 | E46: =SUM(N46,E65,N65,E84,N84) -> 6486513254 | F46: =SUM(O46,O65,F65,F84,O84) -> 8564400000 | G46: =SUM(P46,P65,G65,G84,P84) -> 7.0612351e+09 | H46: =IFERROR(G46/F46,0) -> 0.82448685 | I46: =IFERROR(G46/D46-1,0) -> 0.10433293 | J46: =IFERROR(G46/E46-1,0) -> 0.088602591 | L46: Aug | M46: 1158539608 | N46: 1391179528 | O46: 1541592000 | P46: =AGS!F120 -> 1.027245e+09 | Q46: =IFERROR(P46/O46,0) -> 0.66635339 | R46: =IFERROR(P46/M46-1,0) -> -0.11332764 | S46: =IFERROR(P46/N46-1,0) -> -0.26160138 | W46: Aug | X46: =SUM(AG46,AG65,X65,X84,AG84) -> 3230526836 | Y46: =SUM(AH46,AH65,Y65,Y84,AH84) -> 3226286515 | Z46: =SUM(AI46,AI65,Z65,Z84,AI84) -> 5475600000 | AA46: =AJ46+AJ65+AJ84+AA84+AA65 -> 3.4021727e+09 | AB46: =IFERROR(AA46/Z46,0) -> 0.62133332 | AC46: =IFERROR(AA46/X46-1,0) -> 0.053132472 | AD46: =IFERROR(AA46/Y46-1,0) -> 0.054516608 | AF46: Aug | AG46: 619575041 | AH46: 689664909 | AI46: 1040364000 | AJ46: =AGS!F133 -> 6.3564744e+08 | AK46: =IFERROR(AJ46/AI46,0) -> 0.61098561 | AL46: =IFERROR(AJ46/AG46-1,0) -> 0.025940999 | AM46: =IFERROR(AJ46/AH46-1,0) -> -0.078324229
C47: Sep | D47: =SUM(M47,D66,M66,D85,M85) -> 6664754509 | E47: =SUM(N47,E66,N66,E85,N85) -> 6964306785 | F47: =SUM(O47,O66,F66,F85,O85) -> 7612800000 | G47: =SUM(P47,P66,G66,G85,P85) -> 5.3694706e+09 | H47: =IFERROR(G47/F47,0) -> 0.70532138 | I47: =IFERROR(G47/D47-1,0) -> -0.19434833 | J47: =IFERROR(G47/E47-1,0) -> -0.22900143 | L47: Sep | M47: 1441894421 | N47: 1216508213 | O47: 1370304000 | P47: =SEP!F120 -> 8.3573211e+08 | Q47: =IFERROR(P47/O47,0) -> 0.6098881 | R47: =IFERROR(P47/M47-1,0) -> -0.42039299 | S47: =IFERROR(P47/N47-1,0) -> -0.31300743 | W47: Sep | X47: =SUM(AG47,AG66,X66,X85,AG85) -> 3134707739 | Y47: =SUM(AH47,AH66,Y66,Y85,AH85) -> 3236898009 | Z47: =SUM(AI47,AI66,Z66,Z85,AI85) -> 4867200000 | AA47: =AJ47+AJ66+AJ85+AA85+AA66 -> 2.4023329e+09 | AB47: =IFERROR(AA47/Z47,0) -> 0.49357595 | AC47: =IFERROR(AA47/X47-1,0) -> -0.23363418 | AD47: =IFERROR(AA47/Y47-1,0) -> -0.25782868 | AF47: Sep | AG47: 667756283 | AH47: 608158267 | AI47: 924768000 | AJ47: =SEP!F133 -> 3.861777e+08 | AK47: =IFERROR(AJ47/AI47,0) -> 0.41759414 | AL47: =IFERROR(AJ47/AG47-1,0) -> -0.42167867 | AM47: =IFERROR(AJ47/AH47-1,0) -> -0.3650046
C48: Oct | D48: =SUM(M48,D67,M67,D86,M86) -> 6275099751 | E48: =SUM(N48,E67,N67,E86,N86) -> 6737105069 | F48: =SUM(O48,O67,F67,F86,O86) -> 8564400000 | G48: =SUM(P48,P67,G67,G86,P86) -> 0 | H48: =IFERROR(G48/F48,0) -> 0 | I48: =IFERROR(G48/D48-1,0) -> -1 | J48: =IFERROR(G48/E48-1,0) -> -1 | L48: Oct | M48: 1110054494 | N48: 1391856103 | O48: 1541592000 | P48: =OKT!N130 -> 0 | Q48: =IFERROR(P48/O48,0) -> 0 | R48: =IFERROR(P48/M48-1,0) -> -1 | S48: =IFERROR(P48/N48-1,0) -> -1 | W48: Oct | X48: =SUM(AG48,AG67,X67,X86,AG86) -> 3586195646 | Y48: =SUM(AH48,AH67,Y67,Y86,AH86) -> 3378889733 | Z48: =SUM(AI48,AI67,Z67,Z86,AI86) -> 5475600000 | AA48: =AJ48+AJ67+AJ86+AA86+AA67 -> 0 | AB48: =IFERROR(AA48/Z48,0) -> 0 | AC48: =IFERROR(AA48/X48-1,0) -> -1 | AD48: =IFERROR(AA48/Y48-1,0) -> -1 | AF48: Oct | AG48: 622434205 | AH48: 764712117 | AI48: 1040364000 | AJ48: =OKT!N143 -> 0 | AK48: =IFERROR(AJ48/AI48,0) -> 0 | AL48: =IFERROR(AJ48/AG48-1,0) -> -1 | AM48: =IFERROR(AJ48/AH48-1,0) -> -1
C49: Nov | D49: =SUM(M49,D68,M68,D87,M87) -> 6295450802 | E49: =SUM(N49,E68,N68,E87,N87) -> 6250912188 | F49: =SUM(O49,O68,F68,F87,O87) -> 7612800000 | G49: =SUM(P49,P68,G68,G87,P87) -> 0 | H49: =IFERROR(G49/F49,0) -> 0 | I49: =IFERROR(G49/D49-1,0) -> -1 | J49: =IFERROR(G49/E49-1,0) -> -1 | L49: Nov | M49: 1194727445 | N49: 1050415668 | O49: 1370304000 | P49: =NOV!N130 -> 0 | Q49: =IFERROR(P49/O49,0) -> 0 | R49: =IFERROR(P49/M49-1,0) -> -1 | S49: =IFERROR(P49/N49-1,0) -> -1 | W49: Nov | X49: =SUM(AG49,AG68,X68,X87,AG87) -> 3203101309 | Y49: =SUM(AH49,AH68,Y68,Y87,AH87) -> 2680663229 | Z49: =SUM(AI49,AI68,Z68,Z87,AI87) -> 4867200000 | AA49: =AJ49+AJ68+AJ87+AA87+AA68 -> 0 | AB49: =IFERROR(AA49/Z49,0) -> 0 | AC49: =IFERROR(AA49/X49-1,0) -> -1 | AD49: =IFERROR(AA49/Y49-1,0) -> -1 | AF49: Nov | AG49: 628095512 | AH49: 632969529 | AI49: 924768000 | AJ49: =NOV!N143 -> 0 | AK49: =IFERROR(AJ49/AI49,0) -> 0 | AL49: =IFERROR(AJ49/AG49-1,0) -> -1 | AM49: =IFERROR(AJ49/AH49-1,0) -> -1
C50: Dec | D50: =SUM(M50,D69,M69,D88,M88) -> 6202665216 | E50: =SUM(N50,E69,N69,E88,N88) -> 7385635587 | F50: =SUM(O50,O69,F69,F88,O88) -> 7612800000 | G50: =SUM(P50,P69,G69,G88,P88) -> 0 | H50: =IFERROR(G50/F50,0) -> 0 | I50: =IFERROR(G50/D50-1,0) -> -1 | J50: =IFERROR(G50/E50-1,0) -> -1 | L50: Dec | M50: 1265831835 | N50: 1348731032 | O50: 1370304000 | P50: 0 | Q50: =IFERROR(P50/O50,0) -> 0 | R50: =IFERROR(P50/M50-1,0) -> -1 | S50: =IFERROR(P50/N50-1,0) -> -1 | W50: Dec | X50: =SUM(AG50,AG69,X69,X88,AG88) -> 3168508121 | Y50: =SUM(AH50,AH69,Y69,Y88,AH88) -> 3501669477 | Z50: =SUM(AI50,AI69,Z69,Z88,AI88) -> 4867200000 | AA50: =AJ50+AJ69+AJ88+AA88+AA69 -> 0 | AB50: =IFERROR(AA50/Z50,0) -> 0 | AC50: =IFERROR(AA50/X50-1,0) -> -1 | AD50: =IFERROR(AA50/Y50-1,0) -> -1 | AF50: Dec | AG50: 641067945 | AH50: 955986148 | AI50: 924768000 | AJ50: 0 | AK50: =IFERROR(AJ50/AI50,0) -> 0 | AL50: =IFERROR(AJ50/AG50-1,0) -> -1 | AM50: =IFERROR(AJ50/AH50-1,0) -> -1
C51: Sem 2 | D51: =SUM(D45:D50) -> 37707767400 | E51: =SUM(E45:E50) -> 41092367686 | F51: =SUM(F45:F50) -> 47580000000 | G51: =SUM(G45:G50) -> 2.0452009e+10 | H51: =IFERROR(G51/F51,0) -> 0.42984467 | I51: =IFERROR(G51/D51-1,0) -> -0.45761813 | J51: =IFERROR(G51/E51-1,0) -> -0.50229178 | L51: Sem 2 | M51: =SUM(M45:M50) -> 7361124104 | N51: =SUM(N45:N50) -> 8061487866 | O51: =SUM(O45:O50) -> 8564400000 | P51: =SUM(P45:P50) -> 3.2728228e+09 | Q51: =IFERROR(P51/O51,0) -> 0.38214268 | R51: =IFERROR(P51/M51-1,0) -> -0.5553909 | S51: =IFERROR(P51/N51-1,0) -> -0.59401753 | W51: Sem 2 | X51: =SUM(X45:X50) -> 19524489031 | Y51: =SUM(Y45:Y50) -> 19280071181 | Z51: =SUM(Z45:Z50) -> 30420000000 | AA51: =SUM(AA45:AA50) -> 9.2246544e+09 | AB51: =IFERROR(AA51/Z51,0) -> 0.30324308 | AC51: =IFERROR(AA51/X51-1,0) -> -0.52753415 | AD51: =IFERROR(AA51/Y51-1,0) -> -0.52154459 | AF51: Sem 2 | AG51: =SUM(AG45:AG50) -> 3763160257 | AH51: =SUM(AH45:AH50) -> 4274874683 | AI51: =SUM(AI45:AI50) -> 5779800000 | AJ51: =SUM(AJ45:AJ50) -> 1.6550958e+09 | AK51: =IFERROR(AJ51/AI51,0) -> 0.28635866 | AL51: =IFERROR(AJ51/AG51-1,0) -> -0.56018462 | AM51: =IFERROR(AJ51/AH51-1,0) -> -0.61283175
C52: TOTAL YTD | D52: =D44+D51 -> 69437282375 | E52: =E44+E51 -> 76122314222 | F52: =F44+F51 -> 95160000000 | G52: =G44+G51 -> 5.726689e+10 | H52: =IFERROR(G52/F52,0) -> 0.60179582 | I52: =IFERROR(G52/D52-1,0) -> -0.17527172 | J52: =IFERROR(G52/E52-1,0) -> -0.24769904 | L52: TOTAL YTD | M52: =M44+M51 -> 13626953537 | N52: =N44+N51 -> 15003977437 | O52: =O44+O51 -> 17128800000 | P52: =P44+P51 -> 9.7363716e+09 | Q52: =IFERROR(P52/O52,0) -> 0.56842111 | R52: =IFERROR(P52/M52-1,0) -> -0.28550636 | S52: =IFERROR(P52/N52-1,0) -> -0.35108063 | W52: TOTAL YTD | X52: =X44+X51 -> 37165880159 | Y52: =Y44+Y51 -> 37549825843 | Z52: =Z44+Z51 -> 60840000000 | AA52: =AA44+AA51 -> 2.6903276e+10 | AB52: =IFERROR(AA52/Z52,0) -> 0.44219718 | AC52: =IFERROR(AA52/X52-1,0) -> -0.27612972 | AD52: =IFERROR(AA52/Y52-1,0) -> -0.28353127 | AF52: TOTAL YTD | AG52: =AG44+AG51 -> 7544104062 | AH52: =AH44+AH51 -> 7707949221 | AI52: =AI44+AI51 -> 11559600000 | AJ52: =AJ44+AJ51 -> 4.755365e+09 | AK52: =IFERROR(AJ52/AI52,0) -> 0.41137799 | AL52: =IFERROR(AJ52/AG52-1,0) -> -0.36965809 | AM52: =IFERROR(AJ52/AH52-1,0) -> -0.38305704
C53: AVG YTD | D53: =IFERROR(AVERAGE(D38:D43,D45:D50),0) -> 5.7864402e+09 | E53: =IFERROR(AVERAGE(E38:E43,E45:E50),0) -> 6.3435262e+09 | F53: =IFERROR(AVERAGE(F38:F43,F45:F50),0) -> 7930000000 | G53: =IFERROR(AVERAGE(G38:G43,G45:G50),0) -> 4.7722409e+09 | H53: =IFERROR(G53/F53,0) -> 0.60179582 | I53: =IFERROR(G53/D53-1,0) -> -0.17527172 | J53: =IFERROR(G53/E53-1,0) -> -0.24769904 | L53: AVG YTD | M53: =IFERROR(AVERAGE(M38:M43,M45:M50),0) -> 1.1355795e+09 | N53: =IFERROR(AVERAGE(N38:N43,N45:N50),0) -> 1.2503315e+09 | O53: =IFERROR(AVERAGE(O38:O43,O45:O50),0) -> 1427400000 | P53: =IFERROR(AVERAGE(P38:P43,P45:P50),0) -> 8.113643e+08 | Q53: =IFERROR(P53/O53,0) -> 0.56842111 | R53: =IFERROR(P53/M53-1,0) -> -0.28550636 | S53: =IFERROR(P53/N53-1,0) -> -0.35108063 | W53: AVG YTD | X53: =IFERROR(AVERAGE(X38:X43,X45:X50),0) -> 3.0971567e+09 | Y53: =IFERROR(AVERAGE(Y38:Y43,Y45:Y50),0) -> 3.1291522e+09 | Z53: =IFERROR(AVERAGE(Z38:Z43,Z45:Z50),0) -> 5070000000 | AA53: =IFERROR(AVERAGE(AA38:AA43,AA45:AA50),0) -> 2.2419397e+09 | AB53: =IFERROR(AA53/Z53,0) -> 0.44219718 | AC53: =IFERROR(AA53/X53-1,0) -> -0.27612972 | AD53: =IFERROR(AA53/Y53-1,0) -> -0.28353127 | AF53: AVG YTD | AG53: =IFERROR(AVERAGE(AG38:AG43,AG45:AG50),0) -> 6.2867534e+08 | AH53: =IFERROR(AVERAGE(AH38:AH43,AH45:AH50),0) -> 6.423291e+08 | AI53: =IFERROR(AVERAGE(AI38:AI43,AI45:AI50),0) -> 963300000 | AJ53: =IFERROR(AVERAGE(AJ38:AJ43,AJ45:AJ50),0) -> 3.9628041e+08 | AK53: =IFERROR(AJ53/AI53,0) -> 0.41137799 | AL53: =IFERROR(AJ53/AG53-1,0) -> -0.36965809 | AM53: =IFERROR(AJ53/AH53-1,0) -> -0.38305704
C55: Month | D55: TANGERANG KABUPATEN - KARAWANG | G55: NUR HABIBIE | I55: Growth | L55: Month | M55: TANG SEL - SUBANG | P55: RIDWAN | R55: Growth | W55: Month | X55: JAKARTA TIMUR - CIKARANG | AA55: - | AC55: Growth | AF55: Month | AG55: JAKARTA UTARA - PURWAKARTA | AJ55: SYAEPULLOH | AL55: Growth
D56: 2024 | E56: 2025 | F56: TGT 2026 | G56: 2026 | H56: ACH | I56: 26 vs 24 | J56: 26 vs 25 | M56: 2024 | N56: 2025 | O56: TGT 2026 | P56: 2026 | Q56: ACH | R56: 26 vs 24 | S56: 26 vs 25 | X56: 2024 | Y56: 2025 | Z56: TGT 2026 | AA56: 2026 | AB56: ACH | AC56: 26 vs 24 | AD56: 26 vs 25 | AG56: 2024 | AH56: 2025 | AI56: TGT 2026 | AJ56: 2026 | AK56: ACH | AL56: 26 vs 24 | AM56: 26 vs 25
C57: Jan | D57: 819654930 | E57: 1019392629 | F57: 1884168000 | G57: =JAN!N123 -> 1.3096927e+09 | H57: =IFERROR(G57/F57,0) -> 0.69510398 | I57: =IFERROR(G57/D57-1,0) -> 0.59785859 | J57: =IFERROR(G57/E57-1,0) -> 0.28477746 | L57: Jan | M57: 1310543873 | N57: 967099471 | O57: 1798524000 | P57: =JAN!N124 -> 1.7564562e+09 | Q57: =IFERROR(P57/O57,0) -> 0.97660985 | R57: =IFERROR(P57/M57-1,0) -> 0.34024987 | S57: =IFERROR(P57/N57-1,0) -> 0.81621054 | W57: Jan | X57: 457066929 | Y57: 447895319 | Z57: 985608000 | AA57: =JAN!N134 -> 3.9383795e+08 | AB57: =IFERROR(AA57/Z57,0) -> 0.39958883 | AC57: =IFERROR(AA57/X57-1,0) -> -0.13833637 | AD57: =IFERROR(AA57/Y57-1,0) -> -0.12069198 | AF57: Jan | AG57: 543901182 | AH57: 632950182 | AI57: 1040364000 | AJ57: =JAN!N136 -> 5.6418218e+08 | AK57: =IFERROR(AJ57/AI57,0) -> 0.54229306 | AL57: =IFERROR(AJ57/AG57-1,0) -> 0.037288023 | AM57: =IFERROR(AJ57/AH57-1,0) -> -0.10864678
C58: Feb | D58: 682388928 | E58: 1046694712 | F58: 1674816000 | G58: =FEB!N123 -> 1.4581158e+09 | H58: =IFERROR(G58/F58,0) -> 0.87061252 | I58: =IFERROR(G58/D58-1,0) -> 1.1367811 | J58: =IFERROR(G58/E58-1,0) -> 0.39306692 | L58: Feb | M58: 1438214898 | N58: 1944398706 | O58: 1598688000 | P58: =FEB!N124 -> 1.7008496e+09 | Q58: =IFERROR(P58/O58,0) -> 1.0639034 | R58: =IFERROR(P58/M58-1,0) -> 0.18261156 | S58: =IFERROR(P58/N58-1,0) -> -0.12525679 | W58: Feb | X58: 450229683 | Y58: 435444691 | Z58: 876096000 | AA58: =FEB!N134 -> 3.6289919e+08 | AB58: =IFERROR(AA58/Z58,0) -> 0.41422309 | AC58: =IFERROR(AA58/X58-1,0) -> -0.19396876 | AD58: =IFERROR(AA58/Y58-1,0) -> -0.16660095 | AF58: Feb | AG58: 482710778 | AH58: 660070913 | AI58: 924768000 | AJ58: =FEB!N136 -> 6.5256267e+08 | AK58: =IFERROR(AJ58/AI58,0) -> 0.70565014 | AL58: =IFERROR(AJ58/AG58-1,0) -> 0.35187093 | AM58: =IFERROR(AJ58/AH58-1,0) -> -0.011374904
C59: Mar | D59: 988453094 | E59: 772436920 | F59: 1674816000 | G59: =MAR!N123 -> 5.0854248e+08 | H59: =IFERROR(G59/F59,0) -> 0.30364081 | I59: =IFERROR(G59/D59-1,0) -> -0.48551683 | J59: =IFERROR(G59/E59-1,0) -> -0.34163882 | L59: Mar | M59: 1511933365 | N59: 1093454962 | O59: 1598688000 | P59: =MAR!N124 -> 7.329419e+08 | Q59: =IFERROR(P59/O59,0) -> 0.45846463 | R59: =IFERROR(P59/M59-1,0) -> -0.5152287 | S59: =IFERROR(P59/N59-1,0) -> -0.32970088 | W59: Mar | X59: 402431136 | Y59: 580210630 | Z59: 876096000 | AA59: =MAR!N134 -> 3.2549691e+08 | AB59: =IFERROR(AA59/Z59,0) -> 0.3715311 | AC59: =IFERROR(AA59/X59-1,0) -> -0.19117365 | AD59: =IFERROR(AA59/Y59-1,0) -> -0.43900216 | AF59: Mar | AG59: 666299103 | AH59: 550701528 | AI59: 924768000 | AJ59: =MAR!N136 -> 3.0679329e+08 | AK59: =IFERROR(AJ59/AI59,0) -> 0.33175163 | AL59: =IFERROR(AJ59/AG59-1,0) -> -0.5395562 | AM59: =IFERROR(AJ59/AH59-1,0) -> -0.44290459
C60: Apr | D60: 597724990 | E60: 867629533 | F60: 1884168000 | G60: =APR!N123 -> 1.2656567e+09 | H60: =IFERROR(G60/F60,0) -> 0.67173242 | I60: =IFERROR(G60/D60-1,0) -> 1.1174566 | J60: =IFERROR(G60/E60-1,0) -> 0.45875249 | L60: Apr | M60: 651882667 | N60: 1418958751 | O60: 1798524000 | P60: =APR!N124 -> 1.7132828e+09 | Q60: =IFERROR(P60/O60,0) -> 0.95260492 | R60: =IFERROR(P60/M60-1,0) -> 1.6282073 | S60: =IFERROR(P60/N60-1,0) -> 0.20742256 | W60: Apr | X60: 281633309 | Y60: 464075857 | Z60: 985608000 | AA60: =APR!N134 -> 3.8412939e+08 | AB60: =IFERROR(AA60/Z60,0) -> 0.38973851 | AC60: =IFERROR(AA60/X60-1,0) -> 0.36393453 | AD60: =IFERROR(AA60/Y60-1,0) -> -0.17227025 | AF60: Apr | AG60: 261792390 | AH60: 455350899 | AI60: 1040364000 | AJ60: =APR!N136 -> 6.1142799e+08 | AK60: =IFERROR(AJ60/AI60,0) -> 0.58770583 | AL60: =IFERROR(AJ60/AG60-1,0) -> 1.3355453 | AM60: =IFERROR(AJ60/AH60-1,0) -> 0.34276223
C61: May | D61: 1103676660 | E61: 1224303284 | F61: 1674816000 | G61: =MEI!N123 -> 1.6114617e+09 | H61: =IFERROR(G61/F61,0) -> 0.96217239 | I61: =IFERROR(G61/D61-1,0) -> 0.46008498 | J61: =IFERROR(G61/E61-1,0) -> 0.31622755 | L61: May | M61: 1547786756 | N61: 1759409230 | O61: 1598688000 | P61: =MEI!N124 -> 1.5516096e+09 | Q61: =IFERROR(P61/O61,0) -> 0.97055186 | R61: =IFERROR(P61/M61-1,0) -> 0.00246989 | S61: =IFERROR(P61/N61-1,0) -> -0.11810761 | W61: May | X61: 424162591 | Y61: 523109269 | Z61: 876096000 | AA61: =MEI!N134 -> 3.1975283e+08 | AB61: =IFERROR(AA61/Z61,0) -> 0.36497465 | AC61: =IFERROR(AA61/X61-1,0) -> -0.24615503 | AD61: =IFERROR(AA61/Y61-1,0) -> -0.38874562 | AF61: May | AG61: 551292345 | AH61: 735402452 | AI61: 924768000 | AJ61: =MEI!N136 -> 4.7141085e+08 | AK61: =IFERROR(AJ61/AI61,0) -> 0.5097612 | AL61: =IFERROR(AJ61/AG61-1,0) -> -0.14489862 | AM61: =IFERROR(AJ61/AH61-1,0) -> -0.35897569
C62: Jun | D62: 1257418068 | E62: 970431771 | F62: 1674816000 | G62: =JUN!N123 -> 1.3257833e+09 | H62: =IFERROR(G62/F62,0) -> 0.79159937 | I62: =IFERROR(G62/D62-1,0) -> 0.054369521 | J62: =IFERROR(G62/E62-1,0) -> 0.36617877 | L62: Jun | M62: 1692755707 | N62: 1687447141 | O62: 1598688000 | P62: =JUN!N124 -> 1.6194177e+09 | Q62: =IFERROR(P62/O62,0) -> 1.0129667 | R62: =IFERROR(P62/M62-1,0) -> -0.043324651 | S62: =IFERROR(P62/N62-1,0) -> -0.040315032 | W62: Jun | X62: 521821697 | Y62: 443588326 | Z62: 876096000 | AA62: =JUN!N134 -> 2.9371533e+08 | AB62: =IFERROR(AA62/Z62,0) -> 0.33525474 | AC62: =IFERROR(AA62/X62-1,0) -> -0.43713469 | AD62: =IFERROR(AA62/Y62-1,0) -> -0.33786505 | AF62: Jun | AG62: 545613482 | AH62: 488261937 | AI62: 924768000 | AJ62: =JUN!N136 -> 4.9581132e+08 | AK62: =IFERROR(AJ62/AI62,0) -> 0.53614671 | AL62: =IFERROR(AJ62/AG62-1,0) -> -0.09127737 | AM62: =IFERROR(AJ62/AH62-1,0) -> 0.015461744
C63: Sem1 | D63: =SUM(D57:D62) -> 5449316670 | E63: =SUM(E57:E62) -> 5900888849 | F63: =SUM(F57:F62) -> 10467600000 | G63: =SUM(G57:G62) -> 7.4792527e+09 | H63: =IFERROR(G63/F63,0) -> 0.71451457 | I63: =IFERROR(G63/D63-1,0) -> 0.37251203 | J63: =IFERROR(G63/E63-1,0) -> 0.267479 | L63: Sem1 | M63: =SUM(M57:M62) -> 8153117266 | N63: =SUM(N57:N62) -> 8870768261 | O63: =SUM(O57:O62) -> 9991800000 | P63: =SUM(P57:P62) -> 9.0745578e+09 | Q63: =IFERROR(P63/O63,0) -> 0.9082005 | R63: =IFERROR(P63/M63-1,0) -> 0.11301696 | S63: =IFERROR(P63/N63-1,0) -> 0.022973155 | W63: Sem1 | X63: =SUM(X57:X62) -> 2537345345 | Y63: =SUM(Y57:Y62) -> 2894324092 | Z63: =SUM(Z57:Z62) -> 5475600000 | AA63: =SUM(AA57:AA62) -> 2.0798316e+09 | AB63: =IFERROR(AA63/Z63,0) -> 0.37983629 | AC63: =IFERROR(AA63/X63-1,0) -> -0.18031197 | AD63: =IFERROR(AA63/Y63-1,0) -> -0.28141026 | AF63: Sem1 | AG63: =SUM(AG57:AG62) -> 3051609280 | AH63: =SUM(AH57:AH62) -> 3522737911 | AI63: =SUM(AI57:AI62) -> 5779800000 | AJ63: =SUM(AJ57:AJ62) -> 3.1021883e+09 | AK63: =IFERROR(AJ63/AI63,0) -> 0.53672935 | AL63: =IFERROR(AJ63/AG63-1,0) -> 0.016574539 | AM63: =IFERROR(AJ63/AH63-1,0) -> -0.11938147
C64: Jul | D64: 888116128 | E64: 1512801038 | F64: 1674816000 | G64: =JUL!F123 -> 1.630025e+09 | H64: =IFERROR(G64/F64,0) -> 0.97325614 | I64: =IFERROR(G64/D64-1,0) -> 0.83537367 | J64: =IFERROR(G64/E64-1,0) -> 0.077487996 | L64: Jul | M64: 1616366507 | N64: 1762324551 | O64: 1598688000 | P64: =JUL!F124 -> 1.7041312e+09 | Q64: =IFERROR(P64/O64,0) -> 1.0659561 | R64: =IFERROR(P64/M64-1,0) -> 0.054297542 | S64: =IFERROR(P64/N64-1,0) -> -0.033020771 | W64: Jul | X64: 514507392 | Y64: 489738927 | Z64: 876096000 | AA64: =JUL!F135 -> 3.1329789e+08 | AB64: =IFERROR(AA64/Z64,0) -> 0.3576068 | AC64: =IFERROR(AA64/X64-1,0) -> -0.39107214 | AD64: =IFERROR(AA64/Y64-1,0) -> -0.36027571 | AF64: Jul | AG64: 532522316 | AH64: 622010959 | AI64: 924768000 | AJ64: =JUL!F137 -> 5.1277549e+08 | AK64: =IFERROR(AJ64/AI64,0) -> 0.55449095 | AL64: =IFERROR(AJ64/AG64-1,0) -> -0.037081697 | AM64: =IFERROR(AJ64/AH64-1,0) -> -0.17561664
C65: Aug | D65: 1224291544 | E65: 1057040100 | F65: 1884168000 | G65: =AGS!F123 -> 1.4842667e+09 | H65: =IFERROR(G65/F65,0) -> 0.78775711 | I65: =IFERROR(G65/D65-1,0) -> 0.21234745 | J65: =IFERROR(G65/E65-1,0) -> 0.40417259 | L65: Aug | M65: 1585475915 | N65: 1689062022 | O65: 1798524000 | P65: =AGS!F124 -> 1.6600543e+09 | Q65: =IFERROR(P65/O65,0) -> 0.92300927 | R65: =IFERROR(P65/M65-1,0) -> 0.047038498 | S65: =IFERROR(P65/N65-1,0) -> -0.017173852 | W65: Aug | X65: 504742497 | Y65: 483301698 | Z65: 985608000 | AA65: =AGS!F135 -> 3.8014191e+08 | AB65: =IFERROR(AA65/Z65,0) -> 0.3856928 | AC65: =IFERROR(AA65/X65-1,0) -> -0.24685972 | AD65: =IFERROR(AA65/Y65-1,0) -> -0.21344802 | AF65: Aug | AG65: 578402877 | AH65: 601952157 | AI65: 1040364000 | AJ65: =AGS!F137 -> 5.3652409e+08 | AK65: =IFERROR(AJ65/AI65,0) -> 0.51570805 | AL65: =IFERROR(AJ65/AG65-1,0) -> -0.072404187 | AM65: =IFERROR(AJ65/AH65-1,0) -> -0.10869314
C66: Sep | D66: 1197543308 | E66: 1201997919 | F66: 1674816000 | G66: =SEP!F123 -> 1.1432207e+09 | H66: =IFERROR(G66/F66,0) -> 0.6825948 | I66: =IFERROR(G66/D66-1,0) -> -0.045361716 | J66: =IFERROR(G66/E66-1,0) -> -0.048899611 | L66: Sep | M66: 1647416097 | N66: 1836368611 | O66: 1598688000 | P66: =SEP!F124 -> 1.1498899e+09 | Q66: =IFERROR(P66/O66,0) -> 0.71927096 | R66: =IFERROR(P66/M66-1,0) -> -0.302004 | S66: =IFERROR(P66/N66-1,0) -> -0.37382405 | W66: Sep | X66: 487947699 | Y66: 431653434 | Z66: 876096000 | AA66: =SEP!F135 -> 5.5656046e+08 | AB66: =IFERROR(AA66/Z66,0) -> 0.63527337 | AC66: =IFERROR(AA66/X66-1,0) -> 0.14061498 | AD66: =IFERROR(AA66/Y66-1,0) -> 0.28936877 | AF66: Sep | AG66: 572922426 | AH66: 479600855 | AI66: 924768000 | AJ66: =SEP!F137 -> 2.9871617e+08 | AK66: =IFERROR(AJ66/AI66,0) -> 0.32301742 | AL66: =IFERROR(AJ66/AG66-1,0) -> -0.47860974 | AM66: =IFERROR(AJ66/AH66-1,0) -> -0.37715671
C67: Oct | D67: 1019002896 | E67: 1229990174 | F67: 1884168000 | G67: =OKT!N133 -> 0 | H67: =IFERROR(G67/F67,0) -> 0 | I67: =IFERROR(G67/D67-1,0) -> -1 | J67: =IFERROR(G67/E67-1,0) -> -1 | L67: Oct | M67: 1619037541 | N67: 1674735458 | O67: 1798524000 | P67: =OKT!N134 -> 0 | Q67: =IFERROR(P67/O67,0) -> 0 | R67: =IFERROR(P67/M67-1,0) -> -1 | S67: =IFERROR(P67/N67-1,0) -> -1 | W67: Oct | X67: 600301099 | Y67: 480002367 | Z67: 985608000 | AA67: =OKT!N147 -> 0 | AB67: =IFERROR(AA67/Z67,0) -> 0 | AC67: =IFERROR(AA67/X67-1,0) -> -1 | AD67: =IFERROR(AA67/Y67-1,0) -> -1 | AF67: Oct | AG67: 657911341 | AH67: 650054427 | AI67: 1040364000 | AJ67: =OKT!N145 -> 0 | AK67: =IFERROR(AJ67/AI67,0) -> 0 | AL67: =IFERROR(AJ67/AG67-1,0) -> -1 | AM67: =IFERROR(AJ67/AH67-1,0) -> -1
C68: Nov | D68: 1155792350 | E68: 1100934788 | F68: 1674816000 | G68: =NOV!N133 -> 0 | H68: =IFERROR(G68/F68,0) -> 0 | I68: =IFERROR(G68/D68-1,0) -> -1 | J68: =IFERROR(G68/E68-1,0) -> -1 | L68: Nov | M68: 1721238159 | N68: 1668963532 | O68: 1598688000 | P68: =NOV!N134 -> 0 | Q68: =IFERROR(P68/O68,0) -> 0 | R68: =IFERROR(P68/M68-1,0) -> -1 | S68: =IFERROR(P68/N68-1,0) -> -1 | W68: Nov | X68: 518500155 | Y68: 342986760 | Z68: 876096000 | AA68: =NOV!N147 -> 0 | AB68: =IFERROR(AA68/Z68,0) -> 0 | AC68: =IFERROR(AA68/X68-1,0) -> -1 | AD68: =IFERROR(AA68/Y68-1,0) -> -1 | AF68: Nov | AG68: 569224903 | AH68: 479879881 | AI68: 924768000 | AJ68: =NOV!N145 -> 0 | AK68: =IFERROR(AJ68/AI68,0) -> 0 | AL68: =IFERROR(AJ68/AG68-1,0) -> -1 | AM68: =IFERROR(AJ68/AH68-1,0) -> -1
C69: Dec | D69: 931598318 | E69: 1400156927 | F69: 1674816000 | G69: 0 | H69: =IFERROR(G69/F69,0) -> 0 | I69: =IFERROR(G69/D69-1,0) -> -1 | J69: =IFERROR(G69/E69-1,0) -> -1 | L69: Dec | M69: 1560360924 | N69: 1611262945 | O69: 1598688000 | P69: 0 | Q69: =IFERROR(P69/O69,0) -> 0 | R69: =IFERROR(P69/M69-1,0) -> -1 | S69: =IFERROR(P69/N69-1,0) -> -1 | W69: Dec | X69: 543484283 | Y69: 449481511 | Z69: 876096000 | AA69: 0 | AB69: =IFERROR(AA69/Z69,0) -> 0 | AC69: =IFERROR(AA69/X69-1,0) -> -1 | AD69: =IFERROR(AA69/Y69-1,0) -> -1 | AF69: Dec | AG69: 500419727 | AH69: 431978233 | AI69: 924768000 | AJ69: 0 | AK69: =IFERROR(AJ69/AI69,0) -> 0 | AL69: =IFERROR(AJ69/AG69-1,0) -> -1 | AM69: =IFERROR(AJ69/AH69-1,0) -> -1
C70: Sem 2 | D70: =SUM(D64:D69) -> 6416344544 | E70: =SUM(E64:E69) -> 7502920946 | F70: =SUM(F64:F69) -> 10467600000 | G70: =SUM(G64:G69) -> 4.2575124e+09 | H70: =IFERROR(G70/F70,0) -> 0.40673243 | I70: =IFERROR(G70/D70-1,0) -> -0.33645827 | J70: =IFERROR(G70/E70-1,0) -> -0.43255268 | L70: Sem 2 | M70: =SUM(M64:M69) -> 9749895143 | N70: =SUM(N64:N69) -> 10242717119 | O70: =SUM(O64:O69) -> 9991800000 | P70: =SUM(P64:P69) -> 4.5140754e+09 | Q70: =IFERROR(P70/O70,0) -> 0.451778 | R70: =IFERROR(P70/M70-1,0) -> -0.53701293 | S70: =IFERROR(P70/N70-1,0) -> -0.55928926 | W70: Sem 2 | X70: =SUM(X64:X69) -> 3169483125 | Y70: =SUM(Y64:Y69) -> 2677164697 | Z70: =SUM(Z64:Z69) -> 5475600000 | AA70: =SUM(AA64:AA69) -> 1.2500002e+09 | AB70: =IFERROR(AA70/Z70,0) -> 0.22828553 | AC70: =IFERROR(AA70/X70-1,0) -> -0.60561385 | AD70: =IFERROR(AA70/Y70-1,0) -> -0.53308803 | AF70: Sem 2 | AG70: =SUM(AG64:AG69) -> 3411403590 | AH70: =SUM(AH64:AH69) -> 3265476512 | AI70: =SUM(AI64:AI69) -> 5779800000 | AJ70: =SUM(AJ64:AJ69) -> 1.3480157e+09 | AK70: =IFERROR(AJ70/AI70,0) -> 0.23322879 | AL70: =IFERROR(AJ70/AG70-1,0) -> -0.60485011 | AM70: =IFERROR(AJ70/AH70-1,0) -> -0.58719172
C71: TOTAL YTD | D71: =D63+D70 -> 11865661214 | E71: =E63+E70 -> 13403809795 | F71: =F63+F70 -> 20935200000 | G71: =G63+G70 -> 1.1736765e+10 | H71: =IFERROR(G71/F71,0) -> 0.5606235 | I71: =IFERROR(G71/D71-1,0) -> -0.010862957 | J71: =IFERROR(G71/E71-1,0) -> -0.12437096 | L71: TOTAL YTD | M71: =M63+M70 -> 17903012409 | N71: =N63+N70 -> 19113485380 | O71: =O63+O70 -> 19983600000 | P71: =P63+P70 -> 1.3588633e+10 | Q71: =IFERROR(P71/O71,0) -> 0.67998925 | R71: =IFERROR(P71/M71-1,0) -> -0.24098622 | S71: =IFERROR(P71/N71-1,0) -> -0.28905519 | W71: TOTAL YTD | X71: =X63+X70 -> 5706828470 | Y71: =Y63+Y70 -> 5571488789 | Z71: =Z63+Z70 -> 10951200000 | AA71: =AA63+AA70 -> 3.3298319e+09 | AB71: =IFERROR(AA71/Z71,0) -> 0.30406091 | AC71: =IFERROR(AA71/X71-1,0) -> -0.41651797 | AD71: =IFERROR(AA71/Y71-1,0) -> -0.40234433 | AF71: TOTAL YTD | AG71: =AG63+AG70 -> 6463012870 | AH71: =AH63+AH70 -> 6788214423 | AI71: =AI63+AI70 -> 11559600000 | AJ71: =AJ63+AJ70 -> 4.450204e+09 | AK71: =IFERROR(AJ71/AI71,0) -> 0.38497907 | AL71: =IFERROR(AJ71/AG71-1,0) -> -0.31143506 | AM71: =IFERROR(AJ71/AH71-1,0) -> -0.344422
C72: AVG YTD | D72: =IFERROR(AVERAGE(D57:D62,D64:D69),0) -> 9.888051e+08 | E72: =IFERROR(AVERAGE(E57:E62,E64:E69),0) -> 1.1169841e+09 | F72: =IFERROR(AVERAGE(F57:F62,F64:F69),0) -> 1744600000 | G72: =IFERROR(AVERAGE(G57:G62,G64:G69),0) -> 9.7806375e+08 | H72: =IFERROR(G72/F72,0) -> 0.5606235 | I72: =IFERROR(G72/D72-1,0) -> -0.010862957 | J72: =IFERROR(G72/E72-1,0) -> -0.12437096 | L72: AVG YTD | M72: =IFERROR(AVERAGE(M57:M62,M64:M69),0) -> 1.4919177e+09 | N72: =IFERROR(AVERAGE(N57:N62,N64:N69),0) -> 1.5927904e+09 | O72: =IFERROR(AVERAGE(O57:O62,O64:O69),0) -> 1665300000 | P72: =IFERROR(AVERAGE(P57:P62,P64:P69),0) -> 1.1323861e+09 | Q72: =IFERROR(P72/O72,0) -> 0.67998925 | R72: =IFERROR(P72/M72-1,0) -> -0.24098622 | S72: =IFERROR(P72/N72-1,0) -> -0.28905519 | W72: AVG YTD | X72: =IFERROR(AVERAGE(X57:X62,X64:X69),0) -> 4.7556904e+08 | Y72: =IFERROR(AVERAGE(Y57:Y62,Y64:Y69),0) -> 4.6429073e+08 | Z72: =IFERROR(AVERAGE(Z57:Z62,Z64:Z69),0) -> 912600000 | AA72: =IFERROR(AVERAGE(AA57:AA62,AA64:AA69),0) -> 2.7748599e+08 | AB72: =IFERROR(AA72/Z72,0) -> 0.30406091 | AC72: =IFERROR(AA72/X72-1,0) -> -0.41651797 | AD72: =IFERROR(AA72/Y72-1,0) -> -0.40234433 | AF72: AVG YTD | AG72: =IFERROR(AVERAGE(AG57:AG62,AG64:AG69),0) -> 5.3858441e+08 | AH72: =IFERROR(AVERAGE(AH57:AH62,AH64:AH69),0) -> 5.6568454e+08 | AI72: =IFERROR(AVERAGE(AI57:AI62,AI64:AI69),0) -> 963300000 | AJ72: =IFERROR(AVERAGE(AJ57:AJ62,AJ64:AJ69),0) -> 3.7085034e+08 | AK72: =IFERROR(AJ72/AI72,0) -> 0.38497907 | AL72: =IFERROR(AJ72/AG72-1,0) -> -0.31143506 | AM72: =IFERROR(AJ72/AH72-1,0) -> -0.344422
C74: Month | D74: BEKASI | G74: DIKI | I74: Growth | L74: Month | M74: BOGOR | P74: - | R74: Growth | W74: Month | X74: DEPOK - SUKABUMI | AA74: ALFIN | AC74: Growth | AF74: Month | AG74: JAKARTA SELATAN | AJ74: IPNU | AL74: Growth
D75: 2024 | E75: 2025 | F75: TGT 2026 | G75: 2026 | H75: ACH | I75: 26 vs 24 | J75: 26 vs 25 | M75: 2024 | N75: 2025 | O75: TGT 2026 | P75: 2026 | Q75: ACH | R75: 26 vs 24 | S75: 26 vs 25 | X75: 2024 | Y75: 2025 | Z75: TGT 2026 | AA75: 2026 | AB75: ACH | AC75: 26 vs 24 | AD75: 26 vs 25 | AG75: 2024 | AH75: 2025 | AI75: TGT 2026 | AJ75: 2026 | AK75: ACH | AL75: 26 vs 24 | AM75: 26 vs 25
C76: Jan | D76: 1005326039 | E76: 1084097176 | F76: 1627236000 | G76: =JAN!N122 -> 1.6868175e+09 | H76: =IFERROR(G76/F76,0) -> 1.0366152 | I76: =IFERROR(G76/D76-1,0) -> 0.67788108 | J76: =IFERROR(G76/E76-1,0) -> 0.55596526 | L76: Jan | M76: 1070512310 | N76: 1043119850 | O76: 1712880000 | P76: =JAN!N121 -> 1.0039398e+09 | Q76: =IFERROR(P76/O76,0) -> 0.58611216 | R76: =IFERROR(P76/M76-1,0) -> -0.06218752 | S76: =IFERROR(P76/N76-1,0) -> -0.037560445 | W76: Jan | X76: 537278596 | Y76: 701915900 | Z76: 1368900000 | AA76: =JAN!N133 -> 7.2926614e+08 | AB76: =IFERROR(AA76/Z76,0) -> 0.5327388 | AC76: =IFERROR(AA76/X76-1,0) -> 0.35733333 | AD76: =IFERROR(AA76/Y76-1,0) -> 0.038965129 | AF76: Jan | AG76: 896852707 | AH76: 661356249 | AI76: 1040364000 | AJ76: =JAN!N135 -> 8.9963489e+08 | AK76: =IFERROR(AJ76/AI76,0) -> 0.86473089 | AL76: =IFERROR(AJ76/AG76-1,0) -> 0.003102164 | AM76: =IFERROR(AJ76/AH76-1,0) -> 0.36028788
C77: Feb | D77: 982971873 | E77: 1236212266 | F77: 1446432000 | G77: =FEB!N122 -> 1.6132962e+09 | H77: =IFERROR(G77/F77,0) -> 1.1153627 | I77: =IFERROR(G77/D77-1,0) -> 0.64124353 | J77: =IFERROR(G77/E77-1,0) -> 0.30503173 | L77: Feb | M77: 1108350400 | N77: 1328433150 | O77: 1522560000 | P77: =FEB!N121 -> 1.0790461e+09 | Q77: =IFERROR(P77/O77,0) -> 0.70870511 | R77: =IFERROR(P77/M77-1,0) -> -0.026439606 | S77: =IFERROR(P77/N77-1,0) -> -0.18773026 | W77: Feb | X77: 678938991 | Y77: 821876774 | Z77: 1216800000 | AA77: =FEB!N133 -> 1.1552837e+09 | AB77: =IFERROR(AA77/Z77,0) -> 0.94944424 | AC77: =IFERROR(AA77/X77-1,0) -> 0.70160171 | AD77: =IFERROR(AA77/Y77-1,0) -> 0.40566541 | AF77: Feb | AG77: 825122419 | AH77: 735024372 | AI77: 924768000 | AJ77: =FEB!N135 -> 7.9788229e+08 | AK77: =IFERROR(AJ77/AI77,0) -> 0.86279184 | AL77: =IFERROR(AJ77/AG77-1,0) -> -0.033013444 | AM77: =IFERROR(AJ77/AH77-1,0) -> 0.085518136
C78: Mar | D78: 967525766 | E78: 992223964 | F78: 1446432000 | G78: =MAR!N122 -> 7.8540461e+08 | H78: =IFERROR(G78/F78,0) -> 0.54299449 | I78: =IFERROR(G78/D78-1,0) -> -0.18823391 | J78: =IFERROR(G78/E78-1,0) -> -0.20844019 | L78: Mar | M78: 1104290208 | N78: 752717908 | O78: 1522560000 | P78: =MAR!N121 -> 6.4675534e+08 | Q78: =IFERROR(P78/O78,0) -> 0.42478151 | R78: =IFERROR(P78/M78-1,0) -> -0.41432484 | S78: =IFERROR(P78/N78-1,0) -> -0.14077328 | W78: Mar | X78: 637935094 | Y78: 802075921 | Z78: 1216800000 | AA78: =MAR!N133 -> 5.5370988e+08 | AB78: =IFERROR(AA78/Z78,0) -> 0.45505414 | AC78: =IFERROR(AA78/X78-1,0) -> -0.13202787 | AD78: =IFERROR(AA78/Y78-1,0) -> -0.30965403 | AF78: Mar | AG78: 896985133 | AH78: 702594743 | AI78: 924768000 | AJ78: =MAR!N135 -> 4.2703691e+08 | AK78: =IFERROR(AJ78/AI78,0) -> 0.46177734 | AL78: =IFERROR(AJ78/AG78-1,0) -> -0.52391975 | AM78: =IFERROR(AJ78/AH78-1,0) -> -0.39220026
C79: Apr | D79: 578312124 | E79: 887244276 | F79: 1627236000 | G79: =APR!N122 -> 1.7007075e+09 | H79: =IFERROR(G79/F79,0) -> 1.0451511 | I79: =IFERROR(G79/D79-1,0) -> 1.9408125 | J79: =IFERROR(G79/E79-1,0) -> 0.91684246 | L79: Apr | M79: 524986262 | N79: 838819202 | O79: 1712880000 | P79: =APR!N121 -> 6.0695435e+08 | Q79: =IFERROR(P79/O79,0) -> 0.35434727 | R79: =IFERROR(P79/M79-1,0) -> 0.15613378 | S79: =IFERROR(P79/N79-1,0) -> -0.27641815 | W79: Apr | X79: 358101468 | Y79: 488986202 | Z79: 1368900000 | AA79: =APR!N133 -> 5.7536684e+08 | AB79: =IFERROR(AA79/Z79,0) -> 0.42031327 | AC79: =IFERROR(AA79/X79-1,0) -> 0.60671454 | AD79: =IFERROR(AA79/Y79-1,0) -> 0.1766525 | AF79: Apr | AG79: 556089618 | AH79: 529714713 | AI79: 1040364000 | AJ79: =APR!N135 -> 8.0397896e+08 | AK79: =IFERROR(AJ79/AI79,0) -> 0.77278622 | AL79: =IFERROR(AJ79/AG79-1,0) -> 0.44577229 | AM79: =IFERROR(AJ79/AH79-1,0) -> 0.51775841
C80: May | D80: 872682976 | E80: 1451288131 | F80: 1446432000 | G80: =MEI!N122 -> 1.4575773e+09 | H80: =IFERROR(G80/F80,0) -> 1.0077054 | I80: =IFERROR(G80/D80-1,0) -> 0.67022545 | J80: =IFERROR(G80/E80-1,0) -> 0.0043335171 | L80: May | M80: 1114356831 | N80: 1048548502 | O80: 1522560000 | P80: =MEI!N121 -> 6.8312328e+08 | Q80: =IFERROR(P80/O80,0) -> 0.44866756 | R80: =IFERROR(P80/M80-1,0) -> -0.38697977 | S80: =IFERROR(P80/N80-1,0) -> -0.34850579 | W80: May | X80: 530152418 | Y80: 693281692 | Z80: 1216800000 | AA80: =MEI!N133 -> 1.1609432e+09 | AB80: =IFERROR(AA80/Z80,0) -> 0.9540953 | AC80: =IFERROR(AA80/X80-1,0) -> 1.189829 | AD80: =IFERROR(AA80/Y80-1,0) -> 0.67456197 | AF80: May | AG80: 791355019 | AH80: 790742272 | AI80: 924768000 | AJ80: =MEI!N135 -> 6.6166199e+08 | AK80: =IFERROR(AJ80/AI80,0) -> 0.71548971 | AL80: =IFERROR(AJ80/AG80-1,0) -> -0.16388729 | AM80: =IFERROR(AJ80/AH80-1,0) -> -0.16323939
C81: Jun | D81: 1256177216 | E81: 1363888567 | F81: 1446432000 | G81: =JUN!N122 -> 1.4943348e+09 | H81: =IFERROR(G81/F81,0) -> 1.0331179 | I81: =IFERROR(G81/D81-1,0) -> 0.1895892 | J81: =IFERROR(G81/E81-1,0) -> 0.095642914 | L81: Jun | M81: 1275759601 | N81: 1289206863 | O81: 1522560000 | P81: =JUN!N121 -> 1.0395649e+09 | Q81: =IFERROR(P81/O81,0) -> 0.68277435 | R81: =IFERROR(P81/M81-1,0) -> -0.18514044 | S81: =IFERROR(P81/N81-1,0) -> -0.19363995 | W81: Jun | X81: 634467763 | Y81: 651293067 | Z81: 1216800000 | AA81: =JUN!N133 -> 7.8697769e+08 | AB81: =IFERROR(AA81/Z81,0) -> 0.6467601 | AC81: =IFERROR(AA81/X81-1,0) -> 0.24037458 | AD81: =IFERROR(AA81/Y81-1,0) -> 0.20833113 | AF81: Jun | AG81: 928213472 | AH81: 840756216 | AI81: 924768000 | AJ81: =JUN!N135 -> 8.4459019e+08 | AK81: =IFERROR(AJ81/AI81,0) -> 0.91329954 | AL81: =IFERROR(AJ81/AG81-1,0) -> -0.090090573 | AM81: =IFERROR(AJ81/AH81-1,0) -> 0.0045601472
C82: Sem1 | D82: =SUM(D76:D81) -> 5662995994 | E82: =SUM(E76:E81) -> 7014954380 | F82: =SUM(F76:F81) -> 9040200000 | G82: =SUM(G76:G81) -> 8.738138e+09 | H82: =IFERROR(G82/F82,0) -> 0.96658681 | I82: =IFERROR(G82/D82-1,0) -> 0.54302388 | J82: =IFERROR(G82/E82-1,0) -> 0.24564431 | L82: Sem1 | M82: =SUM(M76:M81) -> 6198255612 | N82: =SUM(N76:N81) -> 6300845475 | O82: =SUM(O76:O81) -> 9516000000 | P82: =SUM(P76:P81) -> 5.0593837e+09 | Q82: =IFERROR(P82/O82,0) -> 0.53167126 | R82: =IFERROR(P82/M82-1,0) -> -0.18374071 | S82: =IFERROR(P82/N82-1,0) -> -0.19703098 | W82: Sem1 | X82: =SUM(X76:X81) -> 3376874330 | Y82: =SUM(Y76:Y81) -> 4159429556 | Z82: =SUM(Z76:Z81) -> 7605000000 | AA82: =SUM(AA76:AA81) -> 4.9615475e+09 | AB82: =IFERROR(AA82/Z82,0) -> 0.65240598 | AC82: =IFERROR(AA82/X82-1,0) -> 0.46927216 | AD82: =IFERROR(AA82/Y82-1,0) -> 0.19284325 | AF82: Sem1 | AG82: =SUM(AG76:AG81) -> 4894618368 | AH82: =SUM(AH76:AH81) -> 4260188565 | AI82: =SUM(AI76:AI81) -> 5779800000 | AJ82: =SUM(AJ76:AJ81) -> 4.4347852e+09 | AK82: =IFERROR(AJ82/AI82,0) -> 0.76729043 | AL82: =IFERROR(AJ82/AG82-1,0) -> -0.093946681 | AM82: =IFERROR(AJ82/AH82-1,0) -> 0.040983316
C83: Jul | D83: 1085794322 | E83: 1410254278 | F83: 1446432000 | G83: =JUL!F122 -> 1.8787443e+09 | H83: =IFERROR(G83/F83,0) -> 1.2988819 | I83: =IFERROR(G83/D83-1,0) -> 0.73029485 | J83: =IFERROR(G83/E83-1,0) -> 0.33220254 | L83: Jul | M83: 1095325789 | N83: 919717614 | O83: 1522560000 | P83: =JUL!F121 -> 1.3985574e+09 | Q83: =IFERROR(P83/O83,0) -> 0.91855649 | R83: =IFERROR(P83/M83-1,0) -> 0.27684145 | S83: =IFERROR(P83/N83-1,0) -> 0.5206378 | W83: Jul | X83: 638390029 | Y83: 801639312 | Z83: 1216800000 | AA83: =JUL!F134 -> 1.0039426e+09 | AB83: =IFERROR(AA83/Z83,0) -> 0.82506786 | AC83: =IFERROR(AA83/X83-1,0) -> 0.5726163 | AD83: =IFERROR(AA83/Y83-1,0) -> 0.25236195 | AF83: Jul | AG83: 931798372 | AH83: 718891307 | AI83: 924768000 | AJ83: =JUL!F136 -> 9.5686222e+08 | AK83: =IFERROR(AJ83/AI83,0) -> 1.0347052 | AL83: =IFERROR(AJ83/AG83-1,0) -> 0.026898363 | AM83: =IFERROR(AJ83/AH83-1,0) -> 0.33102489
C84: Aug | D84: 1121407015 | E84: 1438546531 | F84: 1627236000 | G84: =AGS!F122 -> 1.8296872e+09 | H84: =IFERROR(G84/F84,0) -> 1.1244142 | I84: =IFERROR(G84/D84-1,0) -> 0.6315996 | J84: =IFERROR(G84/E84-1,0) -> 0.27189994 | L84: Aug | M84: 1304403993 | N84: 910685073 | O84: 1712880000 | P84: =AGS!F121 -> 1.0599818e+09 | Q84: =IFERROR(P84/O84,0) -> 0.61883015 | R84: =IFERROR(P84/M84-1,0) -> -0.18738228 | S84: =IFERROR(P84/N84-1,0) -> 0.16393891 | W84: Aug | X84: 659662980 | Y84: 592624576 | Z84: 1368900000 | AA84: =AGS!F134 -> 8.6445432e+08 | AB84: =IFERROR(AA84/Z84,0) -> 0.6314956 | AC84: =IFERROR(AA84/X84-1,0) -> 0.31044844 | AD84: =IFERROR(AA84/Y84-1,0) -> 0.45868794 | AF84: Aug | AG84: 868143441 | AH84: 858743175 | AI84: 1040364000 | AJ84: =AGS!F136 -> 9.8540496e+08 | AK84: =IFERROR(AJ84/AI84,0) -> 0.94717326 | AL84: =IFERROR(AJ84/AG84-1,0) -> 0.13507159 | AM84: =IFERROR(AJ84/AH84-1,0) -> 0.1474967
C85: Sep | D85: 1321195006 | E85: 1455597482 | F85: 1446432000 | G85: =SEP!F122 -> 1.3931507e+09 | H85: =IFERROR(G85/F85,0) -> 0.96316363 | I85: =IFERROR(G85/D85-1,0) -> 0.054462577 | J85: =IFERROR(G85/E85-1,0) -> -0.04290114 | L85: Sep | M85: 1056705677 | N85: 1253834560 | O85: 1522560000 | P85: =SEP!F121 -> 8.4747725e+08 | Q85: =IFERROR(P85/O85,0) -> 0.55661337 | R85: =IFERROR(P85/M85-1,0) -> -0.19800066 | S85: =IFERROR(P85/N85-1,0) -> -0.32409165 | W85: Sep | X85: 475704907 | Y85: 884843284 | Z85: 1216800000 | AA85: =SEP!F134 -> 6.7436298e+08 | AB85: =IFERROR(AA85/Z85,0) -> 0.5542102 | AC85: =IFERROR(AA85/X85-1,0) -> 0.41760778 | AD85: =IFERROR(AA85/Y85-1,0) -> -0.23787298 | AF85: Sep | AG85: 930376424 | AH85: 832642169 | AI85: 924768000 | AJ85: =SEP!F136 -> 4.8651555e+08 | AK85: =IFERROR(AJ85/AI85,0) -> 0.5260947 | AL85: =IFERROR(AJ85/AG85-1,0) -> -0.47707666 | AM85: =IFERROR(AJ85/AH85-1,0) -> -0.41569672
C86: Oct | D86: 1405728968 | E86: 1618452665 | F86: 1627236000 | G86: =OKT!N132 -> 0 | H86: =IFERROR(G86/F86,0) -> 0 | I86: =IFERROR(G86/D86-1,0) -> -1 | J86: =IFERROR(G86/E86-1,0) -> -1 | L86: Oct | M86: 1121275852 | N86: 822070669 | O86: 1712880000 | P86: =OKT!N131 -> 0 | Q86: =IFERROR(P86/O86,0) -> 0 | R86: =IFERROR(P86/M86-1,0) -> -1 | S86: =IFERROR(P86/N86-1,0) -> -1 | W86: Oct | X86: 777575552 | Y86: 629708073 | Z86: 1368900000 | AA86: =OKT!N144 -> 0 | AB86: =IFERROR(AA86/Z86,0) -> 0 | AC86: =IFERROR(AA86/X86-1,0) -> -1 | AD86: =IFERROR(AA86/Y86-1,0) -> -1 | AF86: Oct | AG86: 927973449 | AH86: 854412749 | AI86: 1040364000 | AJ86: =OKT!N146 -> 0 | AK86: =IFERROR(AJ86/AI86,0) -> 0 | AL86: =IFERROR(AJ86/AG86-1,0) -> -1 | AM86: =IFERROR(AJ86/AH86-1,0) -> -1
C87: Nov | D87: 1019061907 | E87: 1510742451 | F87: 1446432000 | G87: =NOV!N132 -> 0 | H87: =IFERROR(G87/F87,0) -> 0 | I87: =IFERROR(G87/D87-1,0) -> -1 | J87: =IFERROR(G87/E87-1,0) -> -1 | L87: Nov | M87: 1204630941 | N87: 919855749 | O87: 1522560000 | P87: =NOV!N131 -> 0 | Q87: =IFERROR(P87/O87,0) -> 0 | R87: =IFERROR(P87/M87-1,0) -> -1 | S87: =IFERROR(P87/N87-1,0) -> -1 | W87: Nov | X87: 701994610 | Y87: 570602761 | Z87: 1216800000 | AA87: =NOV!N144 -> 0 | AB87: =IFERROR(AA87/Z87,0) -> 0 | AC87: =IFERROR(AA87/X87-1,0) -> -1 | AD87: =IFERROR(AA87/Y87-1,0) -> -1 | AF87: Nov | AG87: 785286129 | AH87: 654224298 | AI87: 924768000 | AJ87: =NOV!N146 -> 0 | AK87: =IFERROR(AJ87/AI87,0) -> 0 | AL87: =IFERROR(AJ87/AG87-1,0) -> -1 | AM87: =IFERROR(AJ87/AH87-1,0) -> -1
C88: Dec | D88: 1256814011 | E88: 1599825097 | F88: 1446432000 | G88: 0 | H88: =IFERROR(G88/F88,0) -> 0 | I88: =IFERROR(G88/D88-1,0) -> -1 | J88: =IFERROR(G88/E88-1,0) -> -1 | L88: Dec | M88: 1188060128 | N88: 1425659586 | O88: 1522560000 | P88: 0 | Q88: =IFERROR(P88/O88,0) -> 0 | R88: =IFERROR(P88/M88-1,0) -> -1 | S88: =IFERROR(P88/N88-1,0) -> -1 | W88: Dec | X88: 682544832 | Y88: 777056854 | Z88: 1216800000 | AA88: 0 | AB88: =IFERROR(AA88/Z88,0) -> 0 | AC88: =IFERROR(AA88/X88-1,0) -> -1 | AD88: =IFERROR(AA88/Y88-1,0) -> -1 | AF88: Dec | AG88: 800991334 | AH88: 887166731 | AI88: 924768000 | AJ88: 0 | AK88: =IFERROR(AJ88/AI88,0) -> 0 | AL88: =IFERROR(AJ88/AG88-1,0) -> -1 | AM88: =IFERROR(AJ88/AH88-1,0) -> -1
C89: Sem 2 | D89: =SUM(D83:D88) -> 7210001229 | E89: =SUM(E83:E88) -> 9033418504 | F89: =SUM(F83:F88) -> 9040200000 | G89: =SUM(G83:G88) -> 5.1015823e+09 | H89: =IFERROR(G89/F89,0) -> 0.56432184 | I89: =IFERROR(G89/D89-1,0) -> -0.29242977 | J89: =IFERROR(G89/E89-1,0) -> -0.43525452 | L89: Sem 2 | M89: =SUM(M83:M88) -> 6970402380 | N89: =SUM(N83:N88) -> 6251823251 | O89: =SUM(O83:O88) -> 9516000000 | P89: =SUM(P83:P88) -> 3.3060164e+09 | Q89: =IFERROR(P89/O89,0) -> 0.34741661 | R89: =IFERROR(P89/M89-1,0) -> -0.52570652 | S89: =IFERROR(P89/N89-1,0) -> -0.47119164 | W89: Sem 2 | X89: =SUM(X83:X88) -> 3935872910 | Y89: =SUM(Y83:Y88) -> 4256474860 | Z89: =SUM(Z83:Z88) -> 7605000000 | AA89: =SUM(AA83:AA88) -> 2.5427599e+09 | AB89: =IFERROR(AA89/Z89,0) -> 0.3343537 | AC89: =IFERROR(AA89/X89-1,0) -> -0.35395275 | AD89: =IFERROR(AA89/Y89-1,0) -> -0.40261368 | AF89: Sem 2 | AG89: =SUM(AG83:AG88) -> 5244569149 | AH89: =SUM(AH83:AH88) -> 4806080429 | AI89: =SUM(AI83:AI88) -> 5779800000 | AJ89: =SUM(AJ83:AJ88) -> 2.4287827e+09 | AK89: =IFERROR(AJ89/AI89,0) -> 0.42021917 | AL89: =IFERROR(AJ89/AG89-1,0) -> -0.53689566 | AM89: =IFERROR(AJ89/AH89-1,0) -> -0.49464376
C90: TOTAL YTD | D90: =D82+D89 -> 12872997223 | E90: =E82+E89 -> 16048372884 | F90: =F82+F89 -> 18080400000 | G90: =G82+G89 -> 1.383972e+10 | H90: =IFERROR(G90/F90,0) -> 0.76545432 | I90: =IFERROR(G90/D90-1,0) -> 0.075096969 | J90: =IFERROR(G90/E90-1,0) -> -0.13762471 | L90: TOTAL YTD | M90: =M82+M89 -> 13168657992 | N90: =N82+N89 -> 12552668726 | O90: =O82+O89 -> 19032000000 | P90: =P82+P89 -> 8.3654002e+09 | Q90: =IFERROR(P90/O90,0) -> 0.43954393 | R90: =IFERROR(P90/M90-1,0) -> -0.36474923 | S90: =IFERROR(P90/N90-1,0) -> -0.33357596 | W90: TOTAL YTD | X90: =X82+X89 -> 7312747240 | Y90: =Y82+Y89 -> 8415904416 | Z90: =Z82+Z89 -> 15210000000 | AA90: =AA82+AA89 -> 7.5043073e+09 | AB90: =IFERROR(AA90/Z90,0) -> 0.49337984 | AC90: =IFERROR(AA90/X90-1,0) -> 0.026195364 | AD90: =IFERROR(AA90/Y90-1,0) -> -0.10831838 | AF90: TOTAL YTD | AG90: =AG82+AG89 -> 10139187517 | AH90: =AH82+AH89 -> 9066268994 | AI90: =AI82+AI89 -> 11559600000 | AJ90: =AJ82+AJ89 -> 6.8635679e+09 | AK90: =IFERROR(AJ90/AI90,0) -> 0.5937548 | AL90: =IFERROR(AJ90/AG90-1,0) -> -0.32306529 | AM90: =IFERROR(AJ90/AH90-1,0) -> -0.24295562
C91: AVG YTD | D91: =IFERROR(AVERAGE(D76:D81,D83:D88),0) -> 1.0727498e+09 | E91: =IFERROR(AVERAGE(E76:E81,E83:E88),0) -> 1337364407 | F91: =IFERROR(AVERAGE(F76:F81,F83:F88),0) -> 1506700000 | G91: =IFERROR(AVERAGE(G76:G81,G83:G88),0) -> 1.15331e+09 | H91: =IFERROR(G91/F91,0) -> 0.76545432 | I91: =IFERROR(G91/D91-1,0) -> 0.075096969 | J91: =IFERROR(G91/E91-1,0) -> -0.13762471 | L91: AVG YTD | M91: =IFERROR(AVERAGE(M76:M81,M83:M88),0) -> 1097388166 | N91: =IFERROR(AVERAGE(N76:N81,N83:N88),0) -> 1.0460557e+09 | O91: =IFERROR(AVERAGE(O76:O81,O83:O88),0) -> 1586000000 | P91: =IFERROR(AVERAGE(P76:P81,P83:P88),0) -> 6.9711668e+08 | Q91: =IFERROR(P91/O91,0) -> 0.43954393 | R91: =IFERROR(P91/M91-1,0) -> -0.36474923 | S91: =IFERROR(P91/N91-1,0) -> -0.33357596 | W91: AVG YTD | X91: =IFERROR(AVERAGE(X76:X81,X83:X88),0) -> 6.093956e+08 | Y91: =IFERROR(AVERAGE(Y76:Y81,Y83:Y88),0) -> 701325368 | Z91: =IFERROR(AVERAGE(Z76:Z81,Z83:Z88),0) -> 1267500000 | AA91: =IFERROR(AVERAGE(AA76:AA81,AA83:AA88),0) -> 6.2535894e+08 | AB91: =IFERROR(AA91/Z91,0) -> 0.49337984 | AC91: =IFERROR(AA91/X91-1,0) -> 0.026195364 | AD91: =IFERROR(AA91/Y91-1,0) -> -0.10831838 | AF91: AVG YTD | AG91: =IFERROR(AVERAGE(AG76:AG81,AG83:AG88),0) -> 8.4493229e+08 | AH91: =IFERROR(AVERAGE(AH76:AH81,AH83:AH88),0) -> 7.5552242e+08 | AI91: =IFERROR(AVERAGE(AI76:AI81,AI83:AI88),0) -> 963300000 | AJ91: =IFERROR(AVERAGE(AJ76:AJ81,AJ83:AJ88),0) -> 5.71964e+08 | AK91: =IFERROR(AJ91/AI91,0) -> 0.5937548 | AL91: =IFERROR(AJ91/AG91-1,0) -> -0.32306529 | AM91: =IFERROR(AJ91/AH91-1,0) -> -0.24295562
C94: SELISIH 2024 -2025 | I94: PERBANDINGAN DENGAN TARGET | Q94: TANDA TANGAN SPV | W94: SELISIH 2024 -2025 | AC94: PERBANDINGAN DENGAN TARGET | AK94: TANDA TANGAN SPV
C97: =E52-D52 -> 6685031847 | I97: =G52-F52 -> -3.789311e+10 | W97: =Y52-X52 -> 383945684 | AC97: =AA52-Z52 -> -3.3936724e+10
C100: SELISIH 2025 -2026 | W100: SELISIH 2025 -2026
C103: =G52-E52 -> -1.8855424e+10 | W103: =AA52-Y52 -> -1.064655e+10

Sheet AGPs
C3: Month | D3: TEAM PENJUALAN AGPS | I3: Growth
D4: 2024 | E4: 2025 | F4: TGT 2026 | G4: 2026 | H4: ACH | I4: 26 vs 24 | J4: 26 vs 25
C5: Jan | D5: =SUM(D38,X38) -> 8907493706 | E5: =SUM(E38,Y38) -> 8609872815 | F5: =SUM(F38,Z38) -> 14040000000 | G5: =G38+AA38 -> 8.9014341e+09 | H5: =IFERROR(G5/F5,0) -> 0.63400528 | I5: =IFERROR(G5/D5-1,0) -> -0.00068027672 | J5: =IFERROR(G5/E5-1,0) -> 0.033863605
C6: Feb | D6: =SUM(D39,X39) -> 8607698312 | E6: =SUM(E39,Y39) -> 9820136776 | F6: =SUM(F39,Z39) -> 12480000000 | G6: =G39+AA39 -> 8.1885422e+09 | H6: =IFERROR(G6/F6,0) -> 0.65613319 | I6: =IFERROR(G6/D6-1,0) -> -0.048695492 | J6: =IFERROR(G6/E6-1,0) -> -0.16614785
C7: Mar | D7: =SUM(D40,X40) -> 9860523540 | E7: =SUM(E40,Y40) -> 8833097464 | F7: =SUM(F40,Z40) -> 12480000000 | G7: =G40+AA40 -> 4.5625521e+09 | H7: =IFERROR(G7/F7,0) -> 0.36558911 | I7: =IFERROR(G7/D7-1,0) -> -0.53729109 | J7: =IFERROR(G7/E7-1,0) -> -0.48347088
C8: Apr | D8: =SUM(D41,X41) -> 7054407924 | E8: =SUM(E41,Y41) -> 8657814266 | F8: =SUM(F41,Z41) -> 14040000000 | G8: =G41+AA41 -> 8.8376468e+09 | H8: =IFERROR(G8/F8,0) -> 0.62946202 | I8: =IFERROR(G8/D8-1,0) -> 0.25278363 | J8: =IFERROR(G8/E8-1,0) -> 0.020771122
C9: May | D9: =SUM(D42,X42) -> 9188854012 | E9: =SUM(E42,Y42) -> 9690764871 | F9: =SUM(F42,Z42) -> 12480000000 | G9: =G42+AA42 -> 6.1018458e+09 | H9: =IFERROR(G9/F9,0) -> 0.48892995 | I9: =IFERROR(G9/D9-1,0) -> -0.33595139 | J9: =IFERROR(G9/E9-1,0) -> -0.37034426
C10: Jun | D10: =SUM(D43,X43) -> 10780710579 | E10: =SUM(E43,Y43) -> 8560807623 | F10: =SUM(F43,Z43) -> 12480000000 | G10: =G43+AA43 -> 7.9828873e+09 | H10: =IFERROR(G10/F10,0) -> 0.63965443 | I10: =IFERROR(G10/D10-1,0) -> -0.25952123 | J10: =IFERROR(G10/E10-1,0) -> -0.067507683
C11: Sem1 | D11: =SUM(D5:D10) -> 54399688073 | E11: =SUM(E5:E10) -> 54172493815 | F11: =SUM(F5:F10) -> 78000000000 | G11: =SUM(G5:G10) -> 4.4574908e+10 | H11: =IFERROR(G11/F11,0) -> 0.57147318 | I11: =IFERROR(G11/D11-1,0) -> -0.1806036 | J11: =IFERROR(G11/E11-1,0) -> -0.17716713
C12: Jul | D12: =SUM(D45,X45) -> 9997397610 | E12: =SUM(E45,Y45) -> 9137701609 | F12: =SUM(F45,Z45) -> 12480000000 | G12: =G45+AA45 -> 9.4377576e+09 | H12: =IFERROR(G12/F12,0) -> 0.75623058 | I12: =IFERROR(G12/D12-1,0) -> -0.055978567 | J12: =IFERROR(G12/E12-1,0) -> 0.032837142
C13: Aug | D13: =SUM(D46,X46) -> 9828778371 | E13: =SUM(E46,Y46) -> 9479393349 | F13: =SUM(F46,Z46) -> 14040000000 | G13: =G46+AA46 -> 7.139499e+09 | H13: =IFERROR(G13/F13,0) -> 0.50851132 | I13: =IFERROR(G13/D13-1,0) -> -0.27361278 | J13: =IFERROR(G13/E13-1,0) -> -0.2468401
C14: Sep | D14: =SUM(D47,X47) -> 9533812429 | E14: =SUM(E47,Y47) -> 8956461906 | F14: =SUM(F47,Z47) -> 12480000000 | G14: =G47+AA47 -> 6.412417e+09 | H14: =IFERROR(G14/F14,0) -> 0.51381547 | I14: =IFERROR(G14/D14-1,0) -> -0.32740264 | J14: =IFERROR(G14/E14-1,0) -> -0.28404574
C15: Oct | D15: =SUM(D48,X48) -> 10100089797 | E15: =SUM(E48,Y48) -> 8532767821 | F15: =SUM(F48,Z48) -> 14040000000 | G15: =G48+AA48 -> 0 | H15: =IFERROR(G15/F15,0) -> 0 | I15: =IFERROR(G15/D15-1,0) -> -1 | J15: =IFERROR(G15/E15-1,0) -> -1
C16: Nov | D16: =SUM(D49,X49) -> 9462732809 | E16: =SUM(E49,Y49) -> 8088621105 | F16: =SUM(F49,Z49) -> 12480000000 | G16: =G49+AA49 -> 0 | H16: =IFERROR(G16/F16,0) -> 0 | I16: =IFERROR(G16/D16-1,0) -> -1 | J16: =IFERROR(G16/E16-1,0) -> -1
C17: Dec | D17: =SUM(D50,X50) -> 9652545896 | E17: =SUM(E50,Y50) -> 8204092690 | F17: =SUM(F50,Z50) -> 12480000000 | G17: =G50+AA50 -> 0 | H17: =IFERROR(G17/F17,0) -> 0 | I17: =IFERROR(G17/D17-1,0) -> -1 | J17: =IFERROR(G17/E17-1,0) -> -1
C18: Sem 2 | D18: =SUM(D12:D17) -> 58575356912 | E18: =SUM(E12:E17) -> 52399038480 | F18: =SUM(F12:F17) -> 78000000000 | G18: =SUM(G12:G17) -> 2.2989674e+10 | H18: =IFERROR(G18/F18,0) -> 0.29473941 | I18: =IFERROR(G18/D18-1,0) -> -0.6075197 | J18: =IFERROR(G18/E18-1,0) -> -0.56125772
C19: TOTAL YTD | D19: =D11+D18 -> 112975044985 | E19: =E11+E18 -> 106571532295 | F19: =F11+F18 -> 156000000000 | G19: =G11+G18 -> 6.7564582e+10 | H19: =IFERROR(G19/F19,0) -> 0.43310629 | I19: =IFERROR(G19/D19-1,0) -> -0.40195127 | J19: =IFERROR(G19/E19-1,0) -> -0.3660166
C20: AVG YTD | D20: =IFERROR(AVERAGE(D5:D10,D12:D17),0) -> 9.4145871e+09 | E20: =IFERROR(AVERAGE(E5:E10,E12:E17),0) -> 8.880961e+09 | F20: =IFERROR(AVERAGE(F5:F10,F12:F17),0) -> 13000000000 | G20: =IFERROR(AVERAGE(G5:G10,G12:G17),0) -> 5.6303818e+09 | H20: =IFERROR(G20/F20,0) -> 0.43310629 | I20: =IFERROR(G20/D20-1,0) -> -0.40195127 | J20: =IFERROR(G20/E20-1,0) -> -0.3660166
C22: 2024 -2025 | G22: ACH 2026 vs TGT 2026
C24: =E19-D19 -> -6403512690
G25: =G19-F19 -> -8.8435418e+10
C26: 2025 -2026
C28: =G19-E19 -> -3.900695e+10
G29: TANDA TANGAN SCM
C36: Month | D36: AGPS BJB | I36: Growth | L36: Month | M36: BANTEN - BEKASI | P36: FERDIAN | R36: Growth | W36: Month | X36: AGPS JJB | AC36: Growth | AF36: Month | AG36: JAKARTA BAT - PUS | AJ36: AGUSTIAN | AL36: Growth
D37: 2024 | E37: 2025 | F37: TGT 2026 | G37: 2026 | H37: ACH | I37: 26 vs 24 | J37: 26 vs 25 | M37: 2024 | N37: 2025 | O37: TGT 2026 | P37: 2026 | Q37: ACH | R37: 26 vs 24 | S37: 26 vs 25 | X37: 2024 | Y37: 2025 | Z37: TGT 2026 | AA37: 2026 | AB37: ACH | AC37: 26 vs 24 | AD37: 26 vs 25 | AG37: 2024 | AH37: 2025 | AI37: TGT 2026 | AJ37: 2026 | AK37: ACH | AL37: 26 vs 24 | AM37: 26 vs 25
C38: Jan | D38: =SUM(M38,M57,D57,D76,M76) -> 4931480813 | E38: =SUM(N38,N57,E57,E76,N76) -> 5415014037 | F38: =SUM(O38,O57,F57,F76,O76) -> 8424000000 | G38: =P38+P57+P76+G76+G57 -> 5.2709658e+09 | H38: =IFERROR(G38/F38,0) -> 0.62570819 | I38: =IFERROR(G38/D38-1,0) -> 0.068840375 | J38: =IFERROR(G38/E38-1,0) -> -0.026601636 | L38: Jan | M38: 836820454 | N38: 983046169 | O38: 1263600000 | P38: =JAN!AB120 -> 7.3328271e+08 | Q38: =IFERROR(P38/O38,0) -> 0.58031237 | R38: =IFERROR(P38/M38-1,0) -> -0.12372755 | S38: =IFERROR(P38/N38-1,0) -> -0.25407094 | W38: Jan | X38: =SUM(AG38,AG57,X57,X76,AG76) -> 3976012893 | Y38: =SUM(AH38,AH57,Y57,Y76,AH76) -> 3194858778 | Z38: =SUM(AI38,Z57,AI57,Z76,AI76) -> 5616000000 | AA38: =AJ38+AJ57+AJ76+AA76+AA57 -> 3.6304683e+09 | AB38: =IFERROR(AA38/Z38,0) -> 0.64645092 | AC38: =IFERROR(AA38/X38-1,0) -> -0.086907301 | AD38: =IFERROR(AA38/Y38-1,0) -> 0.13634705 | AF38: Jan | AG38: 941001152 | AH38: 934369647 | AI38: 1291680000 | AJ38: =JAN!AB132 -> 1.035201e+09 | AK38: =IFERROR(AJ38/AI38,0) -> 0.80143764 | AL38: =IFERROR(AJ38/AG38-1,0) -> 0.10010596 | AM38: =IFERROR(AJ38/AH38-1,0) -> 0.10791374
C39: Feb | D39: =SUM(M39,M58,D58,D77,M77) -> 5054407322 | E39: =SUM(N39,N58,E58,E77,N77) -> 6207347191 | F39: =SUM(O39,O58,F58,F77,O77) -> 7488000000 | G39: =P39+P58+P77+G77+G58 -> 4.8824808e+09 | H39: =IFERROR(G39/F39,0) -> 0.6520407 | I39: =IFERROR(G39/D39-1,0) -> -0.03401517 | J39: =IFERROR(G39/E39-1,0) -> -0.2134352 | L39: Feb | M39: 975201426 | N39: 1165741463 | O39: 1123200000 | P39: =FEB!AB120 -> 6.8005156e+08 | Q39: =IFERROR(P39/O39,0) -> 0.60545901 | R39: =IFERROR(P39/M39-1,0) -> -0.30265528 | S39: =IFERROR(P39/N39-1,0) -> -0.41663603 | W39: Feb | X39: =SUM(AG39,AG58,X58,X77,AG77) -> 3553290990 | Y39: =SUM(AH39,AH58,Y58,Y77,AH77) -> 3612789585 | Z39: =SUM(AI39,Z58,AI58,Z77,AI77) -> 4992000000 | AA39: =AJ39+AJ58+AJ77+AA77+AA58 -> 3.3060614e+09 | AB39: =IFERROR(AA39/Z39,0) -> 0.66227192 | AC39: =IFERROR(AA39/X39-1,0) -> -0.069577633 | AD39: =IFERROR(AA39/Y39-1,0) -> -0.084900646 | AF39: Feb | AG39: 797035043 | AH39: 1070224283 | AI39: 1148160000 | AJ39: =FEB!AB132 -> 8.5096294e+08 | AK39: =IFERROR(AJ39/AI39,0) -> 0.74115362 | AL39: =IFERROR(AJ39/AG39-1,0) -> 0.067660637 | AM39: =IFERROR(AJ39/AH39-1,0) -> -0.2048742
C40: Mar | D40: =SUM(M40,M59,D59,D78,M78) -> 5681006216 | E40: =SUM(N40,N59,E59,E78,N78) -> 5298736080 | F40: =SUM(O40,O59,F59,F78,O78) -> 7488000000 | G40: =P40+P59+P78+G78+G59 -> 2.4795238e+09 | H40: =IFERROR(G40/F40,0) -> 0.33113299 | I40: =IFERROR(G40/D40-1,0) -> -0.56354144 | J40: =IFERROR(G40/E40-1,0) -> -0.53205373 | L40: Mar | M40: 1158307997 | N40: 1206859159 | O40: 1123200000 | P40: =MAR!AB120 -> 4.1459113e+08 | Q40: =IFERROR(P40/O40,0) -> 0.36911604 | R40: =IFERROR(P40/M40-1,0) -> -0.64207177 | S40: =IFERROR(P40/N40-1,0) -> -0.65647099 | W40: Mar | X40: =SUM(AG40,AG59,X59,X78,AG78) -> 4179517324 | Y40: =SUM(AH40,AH59,Y59,Y78,AH78) -> 3534361384 | Z40: =SUM(AI40,Z59,AI59,Z78,AI78) -> 4992000000 | AA40: =AJ40+AJ59+AJ78+AA78+AA59 -> 2.0830283e+09 | AB40: =IFERROR(AA40/Z40,0) -> 0.4172733 | AC40: =IFERROR(AA40/X40-1,0) -> -0.50161032 | AD40: =IFERROR(AA40/Y40-1,0) -> -0.41063517 | AF40: Mar | AG40: 1134788558 | AH40: 908066181 | AI40: 1148160000 | AJ40: =MAR!AB132 -> 4.8031676e+08 | AK40: =IFERROR(AJ40/AI40,0) -> 0.41833608 | AL40: =IFERROR(AJ40/AG40-1,0) -> -0.57673458 | AM40: =IFERROR(AJ40/AH40-1,0) -> -0.47105534
C41: Apr | D41: =SUM(M41,M60,D60,D79,M79) -> 4116750569 | E41: =SUM(N41,N60,E60,E79,N79) -> 5655657362 | F41: =SUM(O41,O60,F60,F79,O79) -> 8424000000 | G41: =P41+P60+P79+G79+G60 -> 5.2077944e+09 | H41: =IFERROR(G41/F41,0) -> 0.61820921 | I41: =IFERROR(G41/D41-1,0) -> 0.26502549 | J41: =IFERROR(G41/E41-1,0) -> -0.079188488 | L41: Apr | M41: 578321343 | N41: 965338676 | O41: 1263600000 | P41: =APR!AB120 -> 9.0331507e+08 | Q41: =IFERROR(P41/O41,0) -> 0.71487423 | R41: =IFERROR(P41/M41-1,0) -> 0.56196046 | S41: =IFERROR(P41/N41-1,0) -> -0.064250616 | W41: Apr | X41: =SUM(AG41,AG60,X60,X79,AG79) -> 2937657355 | Y41: =SUM(AH41,AH60,Y60,Y79,AH79) -> 3002156904 | Z41: =SUM(AI41,Z60,AI60,Z79,AI79) -> 5616000000 | AA41: =AJ41+AJ60+AJ79+AA79+AA60 -> 3.6298524e+09 | AB41: =IFERROR(AA41/Z41,0) -> 0.64634124 | AC41: =IFERROR(AA41/X41-1,0) -> 0.23562824 | AD41: =IFERROR(AA41/Y41-1,0) -> 0.2090815 | AF41: Apr | AG41: 772151713 | AH41: 694682878 | AI41: 1291680000 | AJ41: =APR!AB132 -> 7.3399785e+08 | AK41: =IFERROR(AJ41/AI41,0) -> 0.56825053 | AL41: =IFERROR(AJ41/AG41-1,0) -> -0.049412396 | AM41: =IFERROR(AJ41/AH41-1,0) -> 0.056594124
C42: May | D42: =SUM(M42,M61,D61,D80,M80) -> 5275071775 | E42: =SUM(N42,N61,E61,E80,N80) -> 5797856229 | F42: =SUM(O42,O61,F61,F80,O80) -> 7488000000 | G42: =P42+P61+P80+G80+G61 -> 3.6125203e+09 | H42: =IFERROR(G42/F42,0) -> 0.48244127 | I42: =IFERROR(G42/D42-1,0) -> -0.31517135 | J42: =IFERROR(G42/E42-1,0) -> -0.37692138 | L42: May | M42: 958724742 | N42: 982276385 | O42: 1123200000 | P42: =MEI!AB120 -> 4.8148512e+08 | Q42: =IFERROR(P42/O42,0) -> 0.42867265 | R42: =IFERROR(P42/M42-1,0) -> -0.49778586 | S42: =IFERROR(P42/N42-1,0) -> -0.50982725 | W42: May | X42: =SUM(AG42,AG61,X61,X80,AG80) -> 3913782237 | Y42: =SUM(AH42,AH61,Y61,Y80,AH80) -> 3892908642 | Z42: =SUM(AI42,Z61,AI61,Z80,AI80) -> 4992000000 | AA42: =AJ42+AJ61+AJ80+AA80+AA61 -> 2.4893255e+09 | AB42: =IFERROR(AA42/Z42,0) -> 0.49866296 | AC42: =IFERROR(AA42/X42-1,0) -> -0.36395912 | AD42: =IFERROR(AA42/Y42-1,0) -> -0.3605487 | AF42: May | AG42: 1015406542 | AH42: 1182503505 | AI42: 1148160000 | AJ42: =MEI!AB132 -> 6.3433353e+08 | AK42: =IFERROR(AJ42/AI42,0) -> 0.55247834 | AL42: =IFERROR(AJ42/AG42-1,0) -> -0.37529108 | AM42: =IFERROR(AJ42/AH42-1,0) -> -0.46356732
C43: Jun | D43: =SUM(M43,M62,D62,D81,M81) -> 6321855138 | E43: =SUM(N43,N62,E62,E81,N81) -> 5361655738 | F43: =SUM(O43,O62,F62,F81,O81) -> 7488000000 | G43: =P43+P62+P81+G81+G62 -> 4.7572002e+09 | H43: =IFERROR(G43/F43,0) -> 0.63530985 | I43: =IFERROR(G43/D43-1,0) -> -0.24749934 | J43: =IFERROR(G43/E43-1,0) -> -0.11273673 | L43: Jun | M43: 1228869577 | N43: 977799075 | O43: 1123200000 | P43: =JUN!AB120 -> 8.2710034e+08 | Q43: =IFERROR(P43/O43,0) -> 0.7363785 | R43: =IFERROR(P43/M43-1,0) -> -0.32694213 | S43: =IFERROR(P43/N43-1,0) -> -0.15412035 | W43: Jun | X43: =SUM(AG43,AG62,X62,X81,AG81) -> 4458855441 | Y43: =SUM(AH43,AH62,Y62,Y81,AH81) -> 3199151885 | Z43: =SUM(AI43,Z62,AI62,Z81,AI81) -> 4992000000 | AA43: =AJ43+AJ62+AJ81+AA81+AA62 -> 3.2256871e+09 | AB43: =IFERROR(AA43/Z43,0) -> 0.6461713 | AC43: =IFERROR(AA43/X43-1,0) -> -0.27656611 | AD43: =IFERROR(AA43/Y43-1,0) -> 0.0082944681 | AF43: Jun | AG43: 1110720526 | AH43: 832300734 | AI43: 1148160000 | AJ43: =JUN!AB132 -> 7.4953784e+08 | AK43: =IFERROR(AJ43/AI43,0) -> 0.65281654 | AL43: =IFERROR(AJ43/AG43-1,0) -> -0.32517873 | AM43: =IFERROR(AJ43/AH43-1,0) -> -0.099438694
C44: Sem 1 | D44: =SUM(D38:D43) -> 31380571833 | E44: =SUM(E38:E43) -> 33736266637 | F44: =SUM(F38:F43) -> 46800000000 | G44: =SUM(G38:G43) -> 2.6210485e+10 | H44: =IFERROR(G44/F44,0) -> 0.5600531 | I44: =IFERROR(G44/D44-1,0) -> -0.16475438 | J44: =IFERROR(G44/E44-1,0) -> -0.22307689 | L44: Sem1 | M44: =SUM(M38:M43) -> 5736245539 | N44: =SUM(N38:N43) -> 6281060927 | O44: =SUM(O38:O43) -> 7020000000 | P44: =SUM(P38:P43) -> 4.0398259e+09 | Q44: =IFERROR(P44/O44,0) -> 0.57547378 | R44: =IFERROR(P44/M44-1,0) -> -0.29573692 | S44: =IFERROR(P44/N44-1,0) -> -0.35682427 | W44: Sem1 | X44: =SUM(X38:X43) -> 23019116240 | Y44: =SUM(Y38:Y43) -> 20436227178 | Z44: =SUM(Z38:Z43) -> 31200000000 | AA44: =SUM(AA38:AA43) -> 1.8364423e+10 | AB44: =IFERROR(AA44/Z44,0) -> 0.5886033 | AC44: =IFERROR(AA44/X44-1,0) -> -0.2022099 | AD44: =IFERROR(AA44/Y44-1,0) -> -0.10137899 | AF44: Sem1 | AG44: =SUM(AG38:AG43) -> 5771103534 | AH44: =SUM(AH38:AH43) -> 5622147228 | AI44: =SUM(AI38:AI43) -> 7176000000 | AJ44: =SUM(AJ38:AJ43) -> 4.4843499e+09 | AK44: =IFERROR(AJ44/AI44,0) -> 0.6249094 | AL44: =IFERROR(AJ44/AG44-1,0) -> -0.22296492 | AM44: =IFERROR(AJ44/AH44-1,0) -> -0.20237772
C45: Jul | D45: =SUM(M45,M64,D64,D83,M83) -> 6005014016 | E45: =SUM(N45,N64,E64,E83,N83) -> 5467324251 | F45: =SUM(O45,O64,F64,F83,O83) -> 7488000000 | G45: =P45+P64+P83+G83+G64 -> 6.0123447e+09 | H45: =IFERROR(G45/F45,0) -> 0.80293066 | I45: =IFERROR(G45/D45-1,0) -> 0.0012207685 | J45: =IFERROR(G45/E45-1,0) -> 0.09968688 | L45: Jul | M45: 1060334592 | N45: 780037874 | O45: 1123200000 | P45: =JUL!Q120 -> 9.2825988e+08 | Q45: =IFERROR(P45/O45,0) -> 0.8264422 | R45: =IFERROR(P45/M45-1,0) -> -0.12455947 | S45: =IFERROR(P45/N45-1,0) -> 0.19001899 | W45: Jul | X45: =SUM(AG45,AG64,X64,X83,AG83) -> 3992383594 | Y45: =SUM(AH45,AH64,Y64,Y83,AH83) -> 3670377358 | Z45: =SUM(AI45,Z64,AI64,Z83,AI83) -> 4992000000 | AA45: =AJ45+AJ64+AJ83+AA83+AA64 -> 3.4254129e+09 | AB45: =IFERROR(AA45/Z45,0) -> 0.68618046 | AC45: =IFERROR(AA45/X45-1,0) -> -0.14201309 | AD45: =IFERROR(AA45/Y45-1,0) -> -0.066740955 | AF45: Jul | AG45: 1126785624 | AH45: 1047765914 | AI45: 1148160000 | AJ45: =JUL!Q133 -> 9.3656639e+08 | AK45: =IFERROR(AJ45/AI45,0) -> 0.8157107 | AL45: =IFERROR(AJ45/AG45-1,0) -> -0.16881581 | AM45: =IFERROR(AJ45/AH45-1,0) -> -0.10613012
C46: Aug | D46: =SUM(M46,M65,D65,D84,M84) -> 6045755577 | E46: =SUM(N46,N65,E65,E84,N84) -> 6035960562 | F46: =SUM(O46,O65,F65,F84,O84) -> 8424000000 | G46: =P46+P65+P84+G84+G65 -> 4.303645e+09 | H46: =IFERROR(G46/F46,0) -> 0.51087903 | I46: =IFERROR(G46/D46-1,0) -> -0.28815432 | J46: =IFERROR(G46/E46-1,0) -> -0.28699916 | L46: Aug | M46: 1283463128 | N46: 940191949 | O46: 1263600000 | P46: =AGS!Q120 -> 7.5292918e+08 | Q46: =IFERROR(P46/O46,0) -> 0.59586039 | R46: =IFERROR(P46/M46-1,0) -> -0.41336127 | S46: =IFERROR(P46/N46-1,0) -> -0.19917504 | W46: Aug | X46: =SUM(AG46,AG65,X65,X84,AG84) -> 3783022794 | Y46: =SUM(AH46,AH65,Y65,Y84,AH84) -> 3443432787 | Z46: =SUM(AI46,Z65,AI65,Z84,AI84) -> 5616000000 | AA46: =AJ46+AJ65+AJ84+AA84+AA65 -> 2.835854e+09 | AB46: =IFERROR(AA46/Z46,0) -> 0.50495976 | AC46: =IFERROR(AA46/X46-1,0) -> -0.25037354 | AD46: =IFERROR(AA46/Y46-1,0) -> -0.17644566 | AF46: Aug | AG46: 974391726 | AH46: 1012302912 | AI46: 1291680000 | AJ46: =AGS!Q133 -> 7.1284218e+08 | AK46: =IFERROR(AJ46/AI46,0) -> 0.55187212 | AL46: =IFERROR(AJ46/AG46-1,0) -> -0.26842341 | AM46: =IFERROR(AJ46/AH46-1,0) -> -0.29582127
C47: Sep | D47: =SUM(M47,M66,D66,D85,M85) -> 5942830551 | E47: =SUM(N47,N66,E66,E85,N85) -> 5728837370 | F47: =SUM(O47,O66,F66,F85,O85) -> 7488000000 | G47: =P47+P66+P85+G85+G66 -> 3.8021113e+09 | H47: =IFERROR(G47/F47,0) -> 0.50776059 | I47: =IFERROR(G47/D47-1,0) -> -0.3602188 | J47: =IFERROR(G47/E47-1,0) -> -0.33632061 | L47: Sep | M47: 1272100004 | N47: 802273804 | O47: 1123200000 | P47: =SEP!Q120 -> 8.0658873e+08 | Q47: =IFERROR(P47/O47,0) -> 0.71811675 | R47: =IFERROR(P47/M47-1,0) -> -0.36593921 | S47: =IFERROR(P47/N47-1,0) -> 0.005378371 | W47: Sep | X47: =SUM(AG47,AG66,X66,X85,AG85) -> 3590981878 | Y47: =SUM(AH47,AH66,Y66,Y85,AH85) -> 3227624536 | Z47: =SUM(AI47,Z66,AI66,Z85,AI85) -> 4992000000 | AA47: =AJ47+AJ66+AJ85+AA85+AA66 -> 2.6103058e+09 | AB47: =IFERROR(AA47/Z47,0) -> 0.52289779 | AC47: =IFERROR(AA47/X47-1,0) -> -0.27309414 | AD47: =IFERROR(AA47/Y47-1,0) -> -0.19126102 | AF47: Sep | AG47: 1023603498 | AH47: 857668748 | AI47: 1148160000 | AJ47: =SEP!Q133 -> 6.7553591e+08 | AK47: =IFERROR(AJ47/AI47,0) -> 0.58836392 | AL47: =IFERROR(AJ47/AG47-1,0) -> -0.34004142 | AM47: =IFERROR(AJ47/AH47-1,0) -> -0.21235802
C48: Oct | D48: =SUM(M48,M67,D67,D86,M86) -> 5867760757 | E48: =SUM(N48,N67,E67,E86,N86) -> 4933276519 | F48: =SUM(O48,O67,F67,F86,O86) -> 8424000000 | G48: =P48+P67+P86+G86+G67 -> 0 | H48: =IFERROR(G48/F48,0) -> 0 | I48: =IFERROR(G48/D48-1,0) -> -1 | J48: =IFERROR(G48/E48-1,0) -> -1 | L48: Oct | M48: 1040753293 | N48: 754440874 | O48: 1263600000 | P48: =OKT!AB130 -> 0 | Q48: =IFERROR(P48/O48,0) -> 0 | R48: =IFERROR(P48/M48-1,0) -> -1 | S48: =IFERROR(P48/N48-1,0) -> -1 | W48: Oct | X48: =SUM(AG48,AG67,X67,X86,AG86) -> 4232329040 | Y48: =SUM(AH48,AH67,Y67,Y86,AH86) -> 3599491302 | Z48: =SUM(AI48,Z67,AI67,Z86,AI86) -> 5616000000 | AA48: =AJ48+AJ67+AJ86+AA86+AA67 -> 0 | AB48: =IFERROR(AA48/Z48,0) -> 0 | AC48: =IFERROR(AA48/X48-1,0) -> -1 | AD48: =IFERROR(AA48/Y48-1,0) -> -1 | AF48: Oct | AG48: 1190209594 | AH48: 1098756577 | AI48: 1291680000 | AJ48: =OKT!AB144 -> 0 | AK48: =IFERROR(AJ48/AI48,0) -> 0 | AL48: =IFERROR(AJ48/AG48-1,0) -> -1 | AM48: =IFERROR(AJ48/AH48-1,0) -> -1
C49: Nov | D49: =SUM(M49,M68,D68,D87,M87) -> 5708263741 | E49: =SUM(N49,N68,E68,E87,N87) -> 4948536931 | F49: =SUM(O49,O68,F68,F87,O87) -> 7488000000 | G49: =P49+P68+P87+G87+G68 -> 0 | H49: =IFERROR(G49/F49,0) -> 0 | I49: =IFERROR(G49/D49-1,0) -> -1 | J49: =IFERROR(G49/E49-1,0) -> -1 | L49: Nov | M49: 1110290459 | N49: 778699838 | O49: 1123200000 | P49: =NOV!AB130 -> 0 | Q49: =IFERROR(P49/O49,0) -> 0 | R49: =IFERROR(P49/M49-1,0) -> -1 | S49: =IFERROR(P49/N49-1,0) -> -1 | W49: Nov | X49: =SUM(AG49,AG68,X68,X87,AG87) -> 3754469068 | Y49: =SUM(AH49,AH68,Y68,Y87,AH87) -> 3140084174 | Z49: =SUM(AI49,Z68,AI68,Z87,AI87) -> 4992000000 | AA49: =AJ49+AJ68+AJ87+AA87+AA68 -> 0 | AB49: =IFERROR(AA49/Z49,0) -> 0 | AC49: =IFERROR(AA49/X49-1,0) -> -1 | AD49: =IFERROR(AA49/Y49-1,0) -> -1 | AF49: Nov | AG49: 1059917282 | AH49: 910366981 | AI49: 1148160000 | AJ49: =NOV!AB144 -> 0 | AK49: =IFERROR(AJ49/AI49,0) -> 0 | AL49: =IFERROR(AJ49/AG49-1,0) -> -1 | AM49: =IFERROR(AJ49/AH49-1,0) -> -1
C50: Dec | D50: =SUM(M50,M69,D69,D88,M88) -> 5943605211 | E50: =SUM(N50,N69,E69,E88,N88) -> 4877575815 | F50: =SUM(O50,O69,F69,F88,O88) -> 7488000000 | G50: =P50+P69+P88+G88+G69 -> 0 | H50: =IFERROR(G50/F50,0) -> 0 | I50: =IFERROR(G50/D50-1,0) -> -1 | J50: =IFERROR(G50/E50-1,0) -> -1 | L50: Dec | M50: 1079307689 | N50: 708157863 | O50: 1123200000 | P50: 0 | Q50: =IFERROR(P50/O50,0) -> 0 | R50: =IFERROR(P50/M50-1,0) -> -1 | S50: =IFERROR(P50/N50-1,0) -> -1 | W50: Dec | X50: =SUM(AG50,AG69,X69,X88,AG88) -> 3708940685 | Y50: =SUM(AH50,AH69,Y69,Y88,AH88) -> 3326516875 | Z50: =SUM(AI50,Z69,AI69,Z88,AI88) -> 4992000000 | AA50: =AJ50+AJ69+AJ88+AA88+AA69 -> 0 | AB50: =IFERROR(AA50/Z50,0) -> 0 | AC50: =IFERROR(AA50/X50-1,0) -> -1 | AD50: =IFERROR(AA50/Y50-1,0) -> -1 | AF50: Dec | AG50: 946950882 | AH50: 821911877 | AI50: 1148160000 | AJ50: 0 | AK50: =IFERROR(AJ50/AI50,0) -> 0 | AL50: =IFERROR(AJ50/AG50-1,0) -> -1 | AM50: =IFERROR(AJ50/AH50-1,0) -> -1
C51: Sem 2 | D51: =SUM(D45:D50) -> 35513229853 | E51: =SUM(E45:E50) -> 31991511448 | F51: =SUM(F45:F50) -> 46800000000 | G51: =SUM(G45:G50) -> 1.4118101e+10 | H51: =IFERROR(G51/F51,0) -> 0.30166882 | I51: =IFERROR(G51/D51-1,0) -> -0.60245517 | J51: =IFERROR(G51/E51-1,0) -> -0.55869228 | L51: Sem 2 | M51: =SUM(M45:M50) -> 6846249165 | N51: =SUM(N45:N50) -> 4763802202 | O51: =SUM(O45:O50) -> 7020000000 | P51: =SUM(P45:P50) -> 2.4877778e+09 | Q51: =IFERROR(P51/O51,0) -> 0.3543843 | R51: =IFERROR(P51/M51-1,0) -> -0.63662179 | S51: =IFERROR(P51/N51-1,0) -> -0.47777475 | W51: Sem 2 | X51: =SUM(X45:X50) -> 23062127059 | Y51: =SUM(Y45:Y50) -> 20407527032 | Z51: =SUM(Z45:Z50) -> 31200000000 | AA51: =SUM(AA45:AA50) -> 8.8715726e+09 | AB51: =IFERROR(AA51/Z51,0) -> 0.28434528 | AC51: =IFERROR(AA51/X51-1,0) -> -0.61531854 | AD51: =IFERROR(AA51/Y51-1,0) -> -0.56527939 | AF51: Sem 2 | AG51: =SUM(AG45:AG50) -> 6321858606 | AH51: =SUM(AH45:AH50) -> 5748773009 | AI51: =SUM(AI45:AI50) -> 7176000000 | AJ51: =SUM(AJ45:AJ50) -> 2.3249445e+09 | AK51: =IFERROR(AJ51/AI51,0) -> 0.32398892 | AL51: =IFERROR(AJ51/AG51-1,0) -> -0.63223719 | AM51: =IFERROR(AJ51/AH51-1,0) -> -0.59557553
C52: TOTAL YTD | D52: =D44+D51 -> 66893801686 | E52: =E44+E51 -> 65727778085 | F52: =F44+F51 -> 93600000000 | G52: =G44+G51 -> 4.0328586e+10 | H52: =IFERROR(G52/F52,0) -> 0.43086096 | I52: =IFERROR(G52/D52-1,0) -> -0.39712522 | J52: =IFERROR(G52/E52-1,0) -> -0.3864301 | L52: TOTAL YTD | M52: =M44+M51 -> 12582494704 | N52: =N44+N51 -> 11044863129 | O52: =O44+O51 -> 14040000000 | P52: =P44+P51 -> 6.5276037e+09 | Q52: =IFERROR(P52/O52,0) -> 0.46492904 | R52: =IFERROR(P52/M52-1,0) -> -0.48121546 | S52: =IFERROR(P52/N52-1,0) -> -0.40899189 | W52: TOTAL YTD | X52: =X44+X51 -> 46081243299 | Y52: =Y44+Y51 -> 40843754210 | Z52: =Z44+Z51 -> 62400000000 | AA52: =AA44+AA51 -> 2.7235996e+10 | AB52: =IFERROR(AA52/Z52,0) -> 0.43647429 | AC52: =IFERROR(AA52/X52-1,0) -> -0.40895701 | AD52: =IFERROR(AA52/Y52-1,0) -> -0.3331662 | AF52: TOTAL YTD | AG52: =AG44+AG51 -> 12092962140 | AH52: =AH44+AH51 -> 11370920237 | AI52: =AI44+AI51 -> 14352000000 | AJ52: =AJ44+AJ51 -> 6.8092944e+09 | AK52: =IFERROR(AJ52/AI52,0) -> 0.47444916 | AL52: =IFERROR(AJ52/AG52-1,0) -> -0.43692089 | AM52: =IFERROR(AJ52/AH52-1,0) -> -0.40116594
C53: AVG YTD | D53: =IFERROR(AVERAGE(D38:D43,D45:D50),0) -> 5.5744835e+09 | E53: =IFERROR(AVERAGE(E38:E43,E45:E50),0) -> 5.4773148e+09 | F53: =IFERROR(AVERAGE(F38:F43,F45:F50),0) -> 7800000000 | G53: =IFERROR(AVERAGE(G38:G43,G45:G50),0) -> 3.3607155e+09 | H53: =IFERROR(G53/F53,0) -> 0.43086096 | I53: =IFERROR(G53/D53-1,0) -> -0.39712522 | J53: =IFERROR(G53/E53-1,0) -> -0.3864301 | L53: AVG YTD | M53: =IFERROR(AVERAGE(M38:M43,M45:M50),0) -> 1.0485412e+09 | N53: =IFERROR(AVERAGE(N38:N43,N45:N50),0) -> 9.2040526e+08 | O53: =IFERROR(AVERAGE(O38:O43,O45:O50),0) -> 1170000000 | P53: =IFERROR(AVERAGE(P38:P43,P45:P50),0) -> 5.4396698e+08 | Q53: =IFERROR(P53/O53,0) -> 0.46492904 | R53: =IFERROR(P53/M53-1,0) -> -0.48121546 | S53: =IFERROR(P53/N53-1,0) -> -0.40899189 | W53: AVG YTD | X53: =IFERROR(AVERAGE(X38:X43,X45:X50),0) -> 3.8401036e+09 | Y53: =IFERROR(AVERAGE(Y38:Y43,Y45:Y50),0) -> 3.4036462e+09 | Z53: =IFERROR(AVERAGE(Z38:Z43,Z45:Z50),0) -> 5200000000 | AA53: =IFERROR(AVERAGE(AA38:AA43,AA45:AA50),0) -> 2.2696663e+09 | AB53: =IFERROR(AA53/Z53,0) -> 0.43647429 | AC53: =IFERROR(AA53/X53-1,0) -> -0.40895701 | AD53: =IFERROR(AA53/Y53-1,0) -> -0.3331662 | AF53: AVG YTD | AG53: =IFERROR(AVERAGE(AG38:AG43,AG45:AG50),0) -> 1007746845 | AH53: =IFERROR(AVERAGE(AH38:AH43,AH45:AH50),0) -> 9.4757669e+08 | AI53: =IFERROR(AVERAGE(AI38:AI43,AI45:AI50),0) -> 1196000000 | AJ53: =IFERROR(AVERAGE(AJ38:AJ43,AJ45:AJ50),0) -> 5.674412e+08 | AK53: =IFERROR(AJ53/AI53,0) -> 0.47444916 | AL53: =IFERROR(AJ53/AG53-1,0) -> -0.43692089 | AM53: =IFERROR(AJ53/AH53-1,0) -> -0.40116594
C55: Month | D55: TANG KAB - KARAWANG | G55: GILBERT | I55: Growth | L55: Month | M55: TANG SEL - SUBANG | P55: - | R55: Growth | W55: Month | X55: JAKARTA TIMUR - CIKARANG | AA55: LUDFY | AC55: Growth | AF55: Month | AG55: JAKARTA UTARA - PURWAKARTA | AJ55: DEVANI | AL55: Growth
D56: 2024 | E56: 2025 | F56: TGT 2026 | G56: 2026 | H56: ACH | I56: 26 vs 24 | J56: 26 vs 25 | M56: 2024 | N56: 2025 | O56: TGT 2026 | P56: 2026 | Q56: ACH | R56: 26 vs 24 | S56: 26 vs 25 | X56: 2024 | Y56: 2025 | Z56: TGT 2026 | AA56: 2026 | AB56: ACH | AC56: 26 vs 24 | AD56: 26 vs 25 | AG56: 2024 | AH56: 2025 | AI56: TGT 2026 | AJ56: 2026 | AK56: ACH | AL56: 26 vs 24 | AM56: 26 vs 25
C57: Jan | D57: 1318523269 | E57: 1366233364 | F57: 2106000000 | G57: =JAN!AB123 -> 1.5916795e+09 | H57: =IFERROR(G57/F57,0) -> 0.75578322 | I57: =IFERROR(G57/D57-1,0) -> 0.20716828 | J57: =IFERROR(G57/E57-1,0) -> 0.16501288 | L57: Jan | M57: 1060724886 | N57: 1218267097 | O57: 1937520000 | P57: =JAN!AB124 -> 1.3386006e+09 | Q57: =IFERROR(P57/O57,0) -> 0.69088352 | R57: =IFERROR(P57/M57-1,0) -> 0.26196778 | S57: =IFERROR(P57/N57-1,0) -> 0.098774346 | W57: Jan | X57: 748240658 | Y57: 447895319 | Z57: 9.5472e+08 | AA57: =JAN!AB134 -> 4.0799968e+08 | AB57: =IFERROR(AA57/Z57,0) -> 0.42735009 | AC57: =IFERROR(AA57/X57-1,0) -> -0.45472132 | AD57: =IFERROR(AA57/Y57-1,0) -> -0.089073578 | AF57: Jan | AG57: 517472711 | AH57: 632950182 | AI57: 1067040000 | AJ57: =JAN!AB136 -> 5.5390742e+08 | AK57: =IFERROR(AJ57/AI57,0) -> 0.51910652 | AL57: =IFERROR(AJ57/AG57-1,0) -> 0.07040894 | AM57: =IFERROR(AJ57/AH57-1,0) -> -0.12487992
C58: Feb | D58: 1021425075 | E58: 1781256514 | F58: 1872000000 | G58: =FEB!AB123 -> 1.3717991e+09 | H58: =IFERROR(G58/F58,0) -> 0.73279867 | I58: =IFERROR(G58/D58-1,0) -> 0.34302471 | J58: =IFERROR(G58/E58-1,0) -> -0.22986998 | L58: Feb | M58: 1590964796 | N58: 1454043317 | O58: 1722240000 | P58: =FEB!AB124 -> 1.2999813e+09 | Q58: =IFERROR(P58/O58,0) -> 0.75482003 | R58: =IFERROR(P58/M58-1,0) -> -0.18289754 | S58: =IFERROR(P58/N58-1,0) -> -0.10595425 | W58: Feb | X58: 466421895 | Y58: 435444691 | Z58: 8.4864e+08 | AA58: =FEB!AB134 -> 4.9384941e+08 | AB58: =IFERROR(AA58/Z58,0) -> 0.58193039 | AC58: =IFERROR(AA58/X58-1,0) -> 0.058804089 | AD58: =IFERROR(AA58/Y58-1,0) -> 0.13412661 | AF58: Feb | AG58: 745321653 | AH58: 660070913 | AI58: 948480000 | AJ58: =FEB!AB136 -> 4.6542556e+08 | AK58: =IFERROR(AJ58/AI58,0) -> 0.49070677 | AL58: =IFERROR(AJ58/AG58-1,0) -> -0.37553731 | AM58: =IFERROR(AJ58/AH58-1,0) -> -0.29488552
C59: Mar | D59: 1707964843 | E59: 1202031714 | F59: 1872000000 | G59: =MAR!AB123 -> 6.1763259e+08 | H59: =IFERROR(G59/F59,0) -> 0.32993194 | I59: =IFERROR(G59/D59-1,0) -> -0.63838097 | J59: =IFERROR(G59/E59-1,0) -> -0.48617613 | L59: Mar | M59: 1187132545 | N59: 1386763846 | O59: 1722240000 | P59: =MAR!AB124 -> 5.6907393e+08 | Q59: =IFERROR(P59/O59,0) -> 0.33042661 | R59: =IFERROR(P59/M59-1,0) -> -0.52063152 | S59: =IFERROR(P59/N59-1,0) -> -0.58963891 | W59: Mar | X59: 386856255 | Y59: 580210630 | Z59: 8.4864e+08 | AA59: =MAR!AB134 -> 2.9663112e+08 | AB59: =IFERROR(AA59/Z59,0) -> 0.34953704 | AC59: =IFERROR(AA59/X59-1,0) -> -0.23322652 | AD59: =IFERROR(AA59/Y59-1,0) -> -0.4887527 | AF59: Mar | AG59: 678307980 | AH59: 550701528 | AI59: 948480000 | AJ59: =MAR!AB136 -> 3.5891999e+08 | AK59: =IFERROR(AJ59/AI59,0) -> 0.37841598 | AL59: =IFERROR(AJ59/AG59-1,0) -> -0.47085984 | AM59: =IFERROR(AJ59/AH59-1,0) -> -0.34824951
C60: Apr | D60: 1360862015 | E60: 1675098349 | F60: 2106000000 | G60: =APR!AB123 -> 1.1049776e+09 | H60: =IFERROR(G60/F60,0) -> 0.52468073 | I60: =IFERROR(G60/D60-1,0) -> -0.18803111 | J60: =IFERROR(G60/E60-1,0) -> -0.3403506 | L60: Apr | M60: 1048750860 | N60: 1478367634 | O60: 1937520000 | P60: =APR!AB124 -> 1.4453691e+09 | Q60: =IFERROR(P60/O60,0) -> 0.74598925 | R60: =IFERROR(P60/M60-1,0) -> 0.37818155 | S60: =IFERROR(P60/N60-1,0) -> -0.022320936 | W60: Apr | X60: 499511535 | Y60: 464075857 | Z60: 9.5472e+08 | AA60: =APR!AB134 -> 4.2635811e+08 | AB60: =IFERROR(AA60/Z60,0) -> 0.44657922 | AC60: =IFERROR(AA60/X60-1,0) -> -0.14644992 | AD60: =IFERROR(AA60/Y60-1,0) -> -0.081274954 | AF60: Apr | AG60: 355868086 | AH60: 455350899 | AI60: 1067040000 | AJ60: =APR!AB136 -> 6.5661111e+08 | AK60: =IFERROR(AJ60/AI60,0) -> 0.61535754 | AL60: =IFERROR(AJ60/AG60-1,0) -> 0.84509691 | AM60: =IFERROR(AJ60/AH60-1,0) -> 0.44198926
C61: May | D61: 1264624242 | E61: 1583711074 | F61: 1872000000 | G61: =MEI!AB123 -> 1.145056e+09 | H61: =IFERROR(G61/F61,0) -> 0.61167519 | I61: =IFERROR(G61/D61-1,0) -> -0.094548465 | J61: =IFERROR(G61/E61-1,0) -> -0.27697925 | L61: May | M61: 1301386739 | N61: 1369032935 | O61: 1722240000 | P61: =MEI!AB124 -> 8.944847e+08 | Q61: =IFERROR(P61/O61,0) -> 0.51937285 | R61: =IFERROR(P61/M61-1,0) -> -0.31266804 | S61: =IFERROR(P61/N61-1,0) -> -0.34663025 | W61: May | X61: 519552530 | Y61: 523109269 | Z61: 8.4864e+08 | AA61: =MEI!AB134 -> 3.3561667e+08 | AB61: =IFERROR(AA61/Z61,0) -> 0.3954759 | AC61: =IFERROR(AA61/X61-1,0) -> -0.35402746 | AD61: =IFERROR(AA61/Y61-1,0) -> -0.35841957 | AF61: May | AG61: 680684076 | AH61: 735402452 | AI61: 948480000 | AJ61: =MEI!AB136 -> 4.3959153e+08 | AK61: =IFERROR(AJ61/AI61,0) -> 0.46346948 | AL61: =IFERROR(AJ61/AG61-1,0) -> -0.35419154 | AM61: =IFERROR(AJ61/AH61-1,0) -> -0.40224358
C62: Jun | D62: 1621223758 | E62: 1793066507 | F62: 1872000000 | G62: =JUN!AB123 -> 1.3434067e+09 | H62: =IFERROR(G62/F62,0) -> 0.71763176 | I62: =IFERROR(G62/D62-1,0) -> -0.17136259 | J62: =IFERROR(G62/E62-1,0) -> -0.25077701 | L62: Jun | M62: 1446159904 | N62: 1036978486 | O62: 1722240000 | P62: =JUN!AB124 -> 1.1599113e+09 | Q62: =IFERROR(P62/O62,0) -> 0.67348991 | R62: =IFERROR(P62/M62-1,0) -> -0.19793707 | S62: =IFERROR(P62/N62-1,0) -> 0.11854901 | W62: Jun | X62: 582326143 | Y62: 443588326 | Z62: 8.4864e+08 | AA62: =JUN!AB134 -> 3.2825346e+08 | AB62: =IFERROR(AA62/Z62,0) -> 0.38679943 | AC62: =IFERROR(AA62/X62-1,0) -> -0.4363065 | AD62: =IFERROR(AA62/Y62-1,0) -> -0.26000428 | AF62: Jun | AG62: 865146827 | AH62: 488261937 | AI62: 948480000 | AJ62: =JUN!AB136 -> 5.5180586e+08 | AK62: =IFERROR(AJ62/AI62,0) -> 0.58177912 | AL62: =IFERROR(AJ62/AG62-1,0) -> -0.36218242 | AM62: =IFERROR(AJ62/AH62-1,0) -> 0.13014309
C63: Sem1 | D63: =SUM(D57:D62) -> 8294623202 | E63: =SUM(E57:E62) -> 9401397522 | F63: =SUM(F57:F62) -> 11700000000 | G63: =SUM(G57:G62) -> 7.1745514e+09 | H63: =IFERROR(G63/F63,0) -> 0.61320952 | I63: =IFERROR(G63/D63-1,0) -> -0.13503589 | J63: =IFERROR(G63/E63-1,0) -> -0.23686331 | L63: Sem1 | M63: =SUM(M57:M62) -> 7635119730 | N63: =SUM(N57:N62) -> 7943453315 | O63: =SUM(O57:O62) -> 10764000000 | P63: =SUM(P57:P62) -> 6.7074209e+09 | Q63: =IFERROR(P63/O63,0) -> 0.6231346 | R63: =IFERROR(P63/M63-1,0) -> -0.12150417 | S63: =IFERROR(P63/N63-1,0) -> -0.15560392 | W63: Sem1 | X63: =SUM(X57:X62) -> 3202909016 | Y63: =SUM(Y57:Y62) -> 2894324092 | Z63: =SUM(Z57:Z62) -> 5.304e+09 | AA63: =SUM(AA57:AA62) -> 2.2887085e+09 | AB63: =IFERROR(AA63/Z63,0) -> 0.43150612 | AC63: =IFERROR(AA63/X63-1,0) -> -0.2854282 | AD63: =IFERROR(AA63/Y63-1,0) -> -0.20924251 | AF63: Sem1 | AG63: =SUM(AG57:AG62) -> 3842801333 | AH63: =SUM(AH57:AH62) -> 3522737911 | AI63: =SUM(AI57:AI62) -> 5928000000 | AJ63: =SUM(AJ57:AJ62) -> 3.0262615e+09 | AK63: =IFERROR(AJ63/AI63,0) -> 0.51050295 | AL63: =IFERROR(AJ63/AG63-1,0) -> -0.21248558 | AM63: =IFERROR(AJ63/AH63-1,0) -> -0.14093482
C64: Jul | D64: 1784028849 | E64: 1268213652 | F64: 1872000000 | G64: =JUL!Q123 -> 1.9123892e+09 | H64: =IFERROR(G64/F64,0) -> 1.0215754 | I64: =IFERROR(G64/D64-1,0) -> 0.07194971 | J64: =IFERROR(G64/E64-1,0) -> 0.5079393 | L64: Jul | M64: 1167157077 | N64: 1630261117 | O64: 1722240000 | P64: =JUL!Q124 -> 1.4982587e+09 | Q64: =IFERROR(P64/O64,0) -> 0.86994768 | R64: =IFERROR(P64/M64-1,0) -> 0.28368213 | S64: =IFERROR(P64/N64-1,0) -> -0.080970116 | W64: Jul | X64: 528951991 | Y64: 489738927 | Z64: 8.4864e+08 | AA64: =JUL!Q135 -> 3.9006105e+08 | AB64: =IFERROR(AA64/Z64,0) -> 0.45963076 | AC64: =IFERROR(AA64/X64-1,0) -> -0.2625776 | AD64: =IFERROR(AA64/Y64-1,0) -> -0.20353268 | AF64: Jul | AG64: 640648175 | AH64: 622010959 | AI64: 948480000 | AJ64: =JUL!Q137 -> 5.2371129e+08 | AK64: =IFERROR(AJ64/AI64,0) -> 0.5521585 | AL64: =IFERROR(AJ64/AG64-1,0) -> -0.18252902 | AM64: =IFERROR(AJ64/AH64-1,0) -> -0.15803527
C65: Aug | D65: 1552739142 | E65: 2321402367 | F65: 2106000000 | G65: =AGS!Q123 -> 1.2595716e+09 | H65: =IFERROR(G65/F65,0) -> 0.59808719 | I65: =IFERROR(G65/D65-1,0) -> -0.18880667 | J65: =IFERROR(G65/E65-1,0) -> -0.45740917 | L65: Aug | M65: 1282219735 | N65: 1156188587 | O65: 1937520000 | P65: =AGS!Q124 -> 1.0307449e+09 | Q65: =IFERROR(P65/O65,0) -> 0.53199189 | R65: =IFERROR(P65/M65-1,0) -> -0.19612458 | S65: =IFERROR(P65/N65-1,0) -> -0.10849758 | W65: Aug | X65: 491330576 | Y65: 483301698 | Z65: 9.5472e+08 | AA65: =AGS!Q135 -> 3.5043376e+08 | AB65: =IFERROR(AA65/Z65,0) -> 0.36705396 | AC65: =IFERROR(AA65/X65-1,0) -> -0.28676583 | AD65: =IFERROR(AA65/Y65-1,0) -> -0.27491719 | AF65: Aug | AG65: 649504289 | AH65: 601952157 | AI65: 1067040000 | AJ65: =AGS!Q137 -> 4.9793004e+08 | AK65: =IFERROR(AJ65/AI65,0) -> 0.46664609 | AL65: =IFERROR(AJ65/AG65-1,0) -> -0.23336912 | AM65: =IFERROR(AJ65/AH65-1,0) -> -0.17280794
C66: Sep | D66: 1722686546 | E66: 1380418621 | F66: 1872000000 | G66: =SEP!Q123 -> 1.1687134e+09 | H66: =IFERROR(G66/F66,0) -> 0.62431271 | I66: =IFERROR(G66/D66-1,0) -> -0.32157513 | J66: =IFERROR(G66/E66-1,0) -> -0.15336307 | L66: Sep | M66: 1083883847 | N66: 1813680724 | O66: 1722240000 | P66: =SEP!Q124 -> 8.529719e+08 | Q66: =IFERROR(P66/O66,0) -> 0.49526889 | R66: =IFERROR(P66/M66-1,0) -> -0.21304123 | S66: =IFERROR(P66/N66-1,0) -> -0.52970118 | W66: Sep | X66: 599013658 | Y66: 431653434 | Z66: 8.4864e+08 | AA66: =SEP!Q135 -> 3.9565477e+08 | AB66: =IFERROR(AA66/Z66,0) -> 0.46622216 | AC66: =IFERROR(AA66/X66-1,0) -> -0.33948956 | AD66: =IFERROR(AA66/Y66-1,0) -> -0.083397139 | AF66: Sep | AG66: 509618579 | AH66: 479600855 | AI66: 948480000 | AJ66: =SEP!Q137 -> 3.2626277e+08 | AK66: =IFERROR(AJ66/AI66,0) -> 0.34398487 | AL66: =IFERROR(AJ66/AG66-1,0) -> -0.35979028 | AM66: =IFERROR(AJ66/AH66-1,0) -> -0.31972021
C67: Oct | D67: 1201836720 | E67: 1538172580 | F67: 2106000000 | G67: =OKT!AB134 -> 0 | H67: =IFERROR(G67/F67,0) -> 0 | I67: =IFERROR(G67/D67-1,0) -> -1 | J67: =IFERROR(G67/E67-1,0) -> -1 | L67: Oct | M67: 1770101644 | N67: 985531041 | O67: 1937520000 | P67: =OKT!AB133 -> 0 | Q67: =IFERROR(P67/O67,0) -> 0 | R67: =IFERROR(P67/M67-1,0) -> -1 | S67: =IFERROR(P67/N67-1,0) -> -1 | W67: Oct | X67: 608207680 | Y67: 480002367 | Z67: 9.5472e+08 | AA67: =OKT!AB147 -> 0 | AB67: =IFERROR(AA67/Z67,0) -> 0 | AC67: =IFERROR(AA67/X67-1,0) -> -1 | AD67: =IFERROR(AA67/Y67-1,0) -> -1 | AF67: Oct | AG67: 832728545 | AH67: 650054427 | AI67: 1067040000 | AJ67: =OKT!AB146 -> 0 | AK67: =IFERROR(AJ67/AI67,0) -> 0 | AL67: =IFERROR(AJ67/AG67-1,0) -> -1 | AM67: =IFERROR(AJ67/AH67-1,0) -> -1
C68: Nov | D68: 1643382478 | E68: 1447398923 | F68: 1872000000 | G68: =NOV!AB134 -> 0 | H68: =IFERROR(G68/F68,0) -> 0 | I68: =IFERROR(G68/D68-1,0) -> -1 | J68: =IFERROR(G68/E68-1,0) -> -1 | L68: Nov | M68: 1181900123 | N68: 1168656289 | O68: 1722240000 | P68: =NOV!AB133 -> 0 | Q68: =IFERROR(P68/O68,0) -> 0 | R68: =IFERROR(P68/M68-1,0) -> -1 | S68: =IFERROR(P68/N68-1,0) -> -1 | W68: Nov | X68: 495415704 | Y68: 342986760 | Z68: 8.4864e+08 | AA68: =NOV!AB147 -> 0 | AB68: =IFERROR(AA68/Z68,0) -> 0 | AC68: =IFERROR(AA68/X68-1,0) -> -1 | AD68: =IFERROR(AA68/Y68-1,0) -> -1 | AF68: Nov | AG68: 512290359 | AH68: 479879881 | AI68: 948480000 | AJ68: =NOV!AB146 -> 0 | AK68: =IFERROR(AJ68/AI68,0) -> 0 | AL68: =IFERROR(AJ68/AG68-1,0) -> -1 | AM68: =IFERROR(AJ68/AH68-1,0) -> -1
C69: Dec | D69: 1741334674 | E69: 1350430943 | F69: 1872000000 | G69: 0 | H69: =IFERROR(G69/F69,0) -> 0 | I69: =IFERROR(G69/D69-1,0) -> -1 | J69: =IFERROR(G69/E69-1,0) -> -1 | L69: Dec | M69: 1136640153 | N69: 1050862561 | O69: 1722240000 | P69: 0 | Q69: =IFERROR(P69/O69,0) -> 0 | R69: =IFERROR(P69/M69-1,0) -> -1 | S69: =IFERROR(P69/N69-1,0) -> -1 | W69: Dec | X69: 559895550 | Y69: 449481511 | Z69: 8.4864e+08 | AA69: 0 | AB69: =IFERROR(AA69/Z69,0) -> 0 | AC69: =IFERROR(AA69/X69-1,0) -> -1 | AD69: =IFERROR(AA69/Y69-1,0) -> -1 | AF69: Dec | AG69: 496947768 | AH69: 431978233 | AI69: 948480000 | AJ69: 0 | AK69: =IFERROR(AJ69/AI69,0) -> 0 | AL69: =IFERROR(AJ69/AG69-1,0) -> -1 | AM69: =IFERROR(AJ69/AH69-1,0) -> -1
C70: Sem 2 | D70: =SUM(D64:D69) -> 9646008409 | E70: =SUM(E64:E69) -> 9306037086 | F70: =SUM(F64:F69) -> 11700000000 | G70: =SUM(G64:G69) -> 4.3406742e+09 | H70: =IFERROR(G70/F70,0) -> 0.3709978 | I70: =IFERROR(G70/D70-1,0) -> -0.55000306 | J70: =IFERROR(G70/E70-1,0) -> -0.53356362 | L70: Sem 2 | M70: =SUM(M64:M69) -> 7621902579 | N70: =SUM(N64:N69) -> 7805180319 | O70: =SUM(O64:O69) -> 10764000000 | P70: =SUM(P64:P69) -> 3.3819755e+09 | Q70: =IFERROR(P70/O70,0) -> 0.31419319 | R70: =IFERROR(P70/M70-1,0) -> -0.55628198 | S70: =IFERROR(P70/N70-1,0) -> -0.56670117 | W70: Sem 2 | X70: =SUM(X64:X69) -> 3282815159 | Y70: =SUM(Y64:Y69) -> 2677164697 | Z70: =SUM(Z64:Z69) -> 5.304e+09 | AA70: =SUM(AA64:AA69) -> 1.1361496e+09 | AB70: =IFERROR(AA70/Z70,0) -> 0.21420618 | AC70: =IFERROR(AA70/X70-1,0) -> -0.65390998 | AD70: =IFERROR(AA70/Y70-1,0) -> -0.57561461 | AF70: Sem 2 | AG70: =SUM(AG64:AG69) -> 3641737715 | AH70: =SUM(AH64:AH69) -> 3265476512 | AI70: =SUM(AI64:AI69) -> 5928000000 | AJ70: =SUM(AJ64:AJ69) -> 1.3479041e+09 | AK70: =IFERROR(AJ70/AI70,0) -> 0.22737924 | AL70: =IFERROR(AJ70/AG70-1,0) -> -0.62987337 | AM70: =IFERROR(AJ70/AH70-1,0) -> -0.58722591
C71: TOTAL YTD | D71: =D63+D70 -> 17940631611 | E71: =E63+E70 -> 18707434608 | F71: =F63+F70 -> 23400000000 | G71: =G63+G70 -> 1.1515226e+10 | H71: =IFERROR(G71/F71,0) -> 0.49210366 | I71: =IFERROR(G71/D71-1,0) -> -0.35814826 | J71: =IFERROR(G71/E71-1,0) -> -0.38445726 | L71: TOTAL YTD | M71: =M63+M70 -> 15257022309 | N71: =N63+N70 -> 15748633634 | O71: =O63+O70 -> 21528000000 | P71: =P63+P70 -> 1.0089396e+10 | Q71: =IFERROR(P71/O71,0) -> 0.4686639 | R71: =IFERROR(P71/M71-1,0) -> -0.33870475 | S71: =IFERROR(P71/N71-1,0) -> -0.35934783 | W71: TOTAL YTD | X71: =X63+X70 -> 6485724175 | Y71: =Y63+Y70 -> 5571488789 | Z71: =Z63+Z70 -> 1.0608e+10 | AA71: =AA63+AA70 -> 3.424858e+09 | AB71: =IFERROR(AA71/Z71,0) -> 0.32285615 | AC71: =IFERROR(AA71/X71-1,0) -> -0.47193899 | AD71: =IFERROR(AA71/Y71-1,0) -> -0.38528854 | AF71: TOTAL YTD | AG71: =AG63+AG70 -> 7484539048 | AH71: =AH63+AH70 -> 6788214423 | AI71: =AI63+AI70 -> 11856000000 | AJ71: =AJ63+AJ70 -> 4.3741656e+09 | AK71: =IFERROR(AJ71/AI71,0) -> 0.36894109 | AL71: =IFERROR(AJ71/AG71-1,0) -> -0.41557315 | AM71: =IFERROR(AJ71/AH71-1,0) -> -0.35562354
C72: AVG YTD | D72: =IFERROR(AVERAGE(D57:D62,D64:D69),0) -> 1.4950526e+09 | E72: =IFERROR(AVERAGE(E57:E62,E64:E69),0) -> 1558952884 | F72: =IFERROR(AVERAGE(F57:F62,F64:F69),0) -> 1950000000 | G72: =IFERROR(AVERAGE(G57:G62,G64:G69),0) -> 9.5960214e+08 | H72: =IFERROR(G72/F72,0) -> 0.49210366 | I72: =IFERROR(G72/D72-1,0) -> -0.35814826 | J72: =IFERROR(G72/E72-1,0) -> -0.38445726 | L72: AVG YTD | M72: =IFERROR(AVERAGE(M57:M62,M64:M69),0) -> 1.2714185e+09 | N72: =IFERROR(AVERAGE(N57:N62,N64:N69),0) -> 1.3123861e+09 | O72: =IFERROR(AVERAGE(O57:O62,O64:O69),0) -> 1794000000 | P72: =IFERROR(AVERAGE(P57:P62,P64:P69),0) -> 8.4078303e+08 | Q72: =IFERROR(P72/O72,0) -> 0.4686639 | R72: =IFERROR(P72/M72-1,0) -> -0.33870475 | S72: =IFERROR(P72/N72-1,0) -> -0.35934783 | W72: AVG YTD | X72: =IFERROR(AVERAGE(X57:X62,X64:X69),0) -> 5.4047701e+08 | Y72: =IFERROR(AVERAGE(Y57:Y62,Y64:Y69),0) -> 4.6429073e+08 | Z72: =IFERROR(AVERAGE(Z57:Z62,Z64:Z69),0) -> 8.84e+08 | AA72: =IFERROR(AVERAGE(AA57:AA62,AA64:AA69),0) -> 2.8540484e+08 | AB72: =IFERROR(AA72/Z72,0) -> 0.32285615 | AC72: =IFERROR(AA72/X72-1,0) -> -0.47193899 | AD72: =IFERROR(AA72/Y72-1,0) -> -0.38528854 | AF72: AVG YTD | AG72: =IFERROR(AVERAGE(AG57:AG62,AG64:AG69),0) -> 6.2371159e+08 | AH72: =IFERROR(AVERAGE(AH57:AH62,AH64:AH69),0) -> 5.6568454e+08 | AI72: =IFERROR(AVERAGE(AI57:AI62,AI64:AI69),0) -> 988000000 | AJ72: =IFERROR(AVERAGE(AJ57:AJ62,AJ64:AJ69),0) -> 3.645138e+08 | AK72: =IFERROR(AJ72/AI72,0) -> 0.36894109 | AL72: =IFERROR(AJ72/AG72-1,0) -> -0.41557315 | AM72: =IFERROR(AJ72/AH72-1,0) -> -0.35562354
C74: Month | D74: BEKASI - BANTEN | G74: ALI AKBAR | I74: Growth | L74: Month | M74: BOGOR | P74: BOBBY | R74: Growth | W74: Month | X74: DEPOK - SUKABUMI | AA74: FAHMI | AC74: Growth | AF74: Month | AG74: JAKARTA SELATAN | AJ74: DIMAS | AL74: Growth
D75: 2024 | E75: 2025 | F75: TGT 2026 | G75: 2026 | H75: ACH | I75: 26 vs 24 | J75: 26 vs 25 | M75: 2024 | N75: 2025 | O75: TGT 2026 | P75: 2026 | Q75: ACH | R75: 26 vs 24 | S75: 26 vs 25 | X75: 2024 | Y75: 2025 | Z75: TGT 2026 | AA75: 2026 | AB75: ACH | AC75: 26 vs 24 | AD75: 26 vs 25 | AG75: 2024 | AH75: 2025 | AI75: TGT 2026 | AJ75: 2026 | AK75: ACH | AL75: 26 vs 24 | AM75: 26 vs 25
C76: Jan | D76: 833660494 | E76: 948345379 | F76: 1516320000 | G76: =JAN!AB122 -> 9.202622e+08 | H76: =IFERROR(G76/F76,0) -> 0.606905 | I76: =IFERROR(G76/D76-1,0) -> 0.10388126 | J76: =IFERROR(G76/E76-1,0) -> -0.029612822 | L76: Jan | M76: 881751710 | N76: 899122028 | O76: 1600560000 | P76: =JAN!AB121 -> 6.8714081e+08 | Q76: =IFERROR(P76/O76,0) -> 0.42931274 | R76: =IFERROR(P76/M76-1,0) -> -0.22070941 | S76: =IFERROR(P76/N76-1,0) -> -0.23576468 | W76: Jan | X76: 1168637888 | Y76: 677989977 | Z76: 1291680000 | AA76: =JAN!AB133 -> 9.2076112e+08 | AB76: =IFERROR(AA76/Z76,0) -> 0.71283996 | AC76: =IFERROR(AA76/X76-1,0) -> -0.21210742 | AD76: =IFERROR(AA76/Y76-1,0) -> 0.35807482 | AF76: Jan | AG76: 600660484 | AH76: 501653653 | AI76: 1010880000 | AJ76: =JAN!AB135 -> 7.1259916e+08 | AK76: =IFERROR(AJ76/AI76,0) -> 0.70492953 | AL76: =IFERROR(AJ76/AG76-1,0) -> 0.18635931 | AM76: =IFERROR(AJ76/AH76-1,0) -> 0.42050029
C77: Feb | D77: 806134287 | E77: 911384263 | F77: 1347840000 | G77: =FEB!AB122 -> 7.4840222e+08 | H77: =IFERROR(G77/F77,0) -> 0.55526043 | I77: =IFERROR(G77/D77-1,0) -> -0.071615946 | J77: =IFERROR(G77/E77-1,0) -> -0.17882912 | L77: Feb | M77: 660681738 | N77: 894921634 | O77: 1422720000 | P77: =FEB!AB121 -> 7.8224664e+08 | Q77: =IFERROR(P77/O77,0) -> 0.54982473 | R77: =IFERROR(P77/M77-1,0) -> 0.18399919 | S77: =IFERROR(P77/N77-1,0) -> -0.12590487 | W77: Feb | X77: 828786857 | Y77: 874753954 | Z77: 1148160000 | AA77: =FEB!AB133 -> 1.0193032e+09 | AB77: =IFERROR(AA77/Z77,0) -> 0.88777105 | AC77: =IFERROR(AA77/X77-1,0) -> 0.22987376 | AD77: =IFERROR(AA77/Y77-1,0) -> 0.16524561 | AF77: Feb | AG77: 715725542 | AH77: 572295744 | AI77: 898560000 | AJ77: =FEB!AB135 -> 4.765203e+08 | AK77: =IFERROR(AJ77/AI77,0) -> 0.5303155 | AL77: =IFERROR(AJ77/AG77-1,0) -> -0.33421365 | AM77: =IFERROR(AJ77/AH77-1,0) -> -0.16735306
C78: Mar | D78: 849084206 | E78: 756365097 | F78: 1347840000 | G78: =MAR!AB122 -> 4.5475757e+08 | H78: =IFERROR(G78/F78,0) -> 0.3373973 | I78: =IFERROR(G78/D78-1,0) -> -0.46441405 | J78: =IFERROR(G78/E78-1,0) -> -0.39875918 | L78: Mar | M78: 778516625 | N78: 746716264 | O78: 1422720000 | P78: =MAR!AB121 -> 4.2346857e+08 | Q78: =IFERROR(P78/O78,0) -> 0.29764716 | R78: =IFERROR(P78/M78-1,0) -> -0.45605712 | S78: =IFERROR(P78/N78-1,0) -> -0.43289226 | W78: Mar | X78: 1165964419 | Y78: 958451652 | Z78: 1148160000 | AA78: =MAR!AB133 -> 6.9036002e+08 | AB78: =IFERROR(AA78/Z78,0) -> 0.6012751 | AC78: =IFERROR(AA78/X78-1,0) -> -0.40790644 | AD78: =IFERROR(AA78/Y78-1,0) -> -0.27971325 | AF78: Mar | AG78: 813600112 | AH78: 536931393 | AI78: 898560000 | AJ78: =MAR!AB135 -> 2.5680041e+08 | AK78: =IFERROR(AJ78/AI78,0) -> 0.28579105 | AL78: =IFERROR(AJ78/AG78-1,0) -> -0.68436533 | AM78: =IFERROR(AJ78/AH78-1,0) -> -0.52172585
C79: Apr | D79: 626970263 | E79: 807913263 | F79: 1516320000 | G79: =APR!AB122 -> 1.0979614e+09 | H79: =IFERROR(G79/F79,0) -> 0.72409611 | I79: =IFERROR(G79/D79-1,0) -> 0.7512177 | J79: =IFERROR(G79/E79-1,0) -> 0.35900903 | L79: Apr | M79: 501846088 | N79: 728939440 | O79: 1600560000 | P79: =APR!AB121 -> 6.5617121e+08 | Q79: =IFERROR(P79/O79,0) -> 0.40996352 | R79: =IFERROR(P79/M79-1,0) -> 0.30751485 | S79: =IFERROR(P79/N79-1,0) -> -0.099827535 | W79: Apr | X79: 913229909 | Y79: 918910716 | Z79: 1291680000 | AA79: =APR!AB133 -> 1.2042614e+09 | AB79: =IFERROR(AA79/Z79,0) -> 0.93232181 | AC79: =IFERROR(AA79/X79-1,0) -> 0.31868374 | AD79: =IFERROR(AA79/Y79-1,0) -> 0.31053149 | AF79: Apr | AG79: 396896112 | AH79: 469136554 | AI79: 1010880000 | AJ79: =APR!AB135 -> 6.0862388e+08 | AK79: =IFERROR(AJ79/AI79,0) -> 0.60207332 | AL79: =IFERROR(AJ79/AG79-1,0) -> 0.53345891 | AM79: =IFERROR(AJ79/AH79-1,0) -> 0.29732777
C80: May | D80: 936839766 | E80: 938217067 | F80: 1347840000 | G80: =MEI!AB122 -> 5.4419139e+08 | H80: =IFERROR(G80/F80,0) -> 0.40375073 | I80: =IFERROR(G80/D80-1,0) -> -0.4191201 | J80: =IFERROR(G80/E80-1,0) -> -0.41997283 | L80: May | M80: 813496286 | N80: 924618768 | O80: 1422720000 | P80: =MEI!AB121 -> 5.4730309e+08 | Q80: =IFERROR(P80/O80,0) -> 0.38468785 | R80: =IFERROR(P80/M80-1,0) -> -0.32722115 | S80: =IFERROR(P80/N80-1,0) -> -0.40807702 | W80: May | X80: 1066585160 | Y80: 790668774 | Z80: 1148160000 | AA80: =MEI!AB133 -> 6.4396429e+08 | AB80: =IFERROR(AA80/Z80,0) -> 0.56086633 | AC80: =IFERROR(AA80/X80-1,0) -> -0.39623734 | AD80: =IFERROR(AA80/Y80-1,0) -> -0.1855448 | AF80: May | AG80: 631553929 | AH80: 661224642 | AI80: 898560000 | AJ80: =MEI!AB135 -> 4.3581949e+08 | AK80: =IFERROR(AJ80/AI80,0) -> 0.48501991 | AL80: =IFERROR(AJ80/AG80-1,0) -> -0.30992514 | AM80: =IFERROR(AJ80/AH80-1,0) -> -0.34089043
C81: Jun | D81: 990126098 | E81: 800253982 | F81: 1347840000 | G81: =JUN!AB122 -> 7.3382781e+08 | H81: =IFERROR(G81/F81,0) -> 0.54444727 | I81: =IFERROR(G81/D81-1,0) -> -0.25885419 | J81: =IFERROR(G81/E81-1,0) -> -0.083006364 | L81: Jun | M81: 1035475801 | N81: 753557688 | O81: 1422720000 | P81: =JUN!AB121 -> 6.9295413e+08 | Q81: =IFERROR(P81/O81,0) -> 0.4870629 | R81: =IFERROR(P81/M81-1,0) -> -0.33078675 | S81: =IFERROR(P81/N81-1,0) -> -0.080423248 | W81: Jun | X81: 1184647329 | Y81: 878710605 | Z81: 1148160000 | AA81: =JUN!AB133 -> 1.0463761e+09 | AB81: =IFERROR(AA81/Z81,0) -> 0.91135043 | AC81: =IFERROR(AA81/X81-1,0) -> -0.11671931 | AD81: =IFERROR(AA81/Y81-1,0) -> 0.19080856 | AF81: Jun | AG81: 716014616 | AH81: 556290283 | AI81: 898560000 | AJ81: =JUN!AB135 -> 5.4971388e+08 | AK81: =IFERROR(AJ81/AI81,0) -> 0.61177204 | AL81: =IFERROR(AJ81/AG81-1,0) -> -0.23225886 | AM81: =IFERROR(AJ81/AH81-1,0) -> -0.011821891
C82: Sem1 | D82: =SUM(D76:D81) -> 5042815114 | E82: =SUM(E76:E81) -> 5162479051 | F82: =SUM(F76:F81) -> 8424000000 | G82: =SUM(G76:G81) -> 4.4994026e+09 | H82: =IFERROR(G82/F82,0) -> 0.53411712 | I82: =IFERROR(G82/D82-1,0) -> -0.10775975 | J82: =IFERROR(G82/E82-1,0) -> -0.12844148 | L82: Sem1 | M82: =SUM(M76:M81) -> 4671768248 | N82: =SUM(N76:N81) -> 4947875822 | O82: =SUM(O76:O81) -> 8892000000 | P82: =SUM(P76:P81) -> 3.7892845e+09 | Q82: =IFERROR(P82/O82,0) -> 0.42614535 | R82: =IFERROR(P82/M82-1,0) -> -0.18889717 | S82: =IFERROR(P82/N82-1,0) -> -0.23415934 | W82: Sem1 | X82: =SUM(X76:X81) -> 6327851562 | Y82: =SUM(Y76:Y81) -> 5099485678 | Z82: =SUM(Z76:Z81) -> 7176000000 | AA82: =SUM(AA76:AA81) -> 5.5250262e+09 | AB82: =IFERROR(AA82/Z82,0) -> 0.76993118 | AC82: =IFERROR(AA82/X82-1,0) -> -0.12687172 | AD82: =IFERROR(AA82/Y82-1,0) -> 0.083447729 | AF82: Sem1 | AG82: =SUM(AG76:AG81) -> 3874450795 | AH82: =SUM(AH76:AH81) -> 3297532269 | AI82: =SUM(AI76:AI81) -> 5616000000 | AJ82: =SUM(AJ76:AJ81) -> 3.0400771e+09 | AK82: =IFERROR(AJ82/AI82,0) -> 0.54132427 | AL82: =IFERROR(AJ82/AG82-1,0) -> -0.21535276 | AM82: =IFERROR(AJ82/AH82-1,0) -> -0.078075099
C83: Jul | D83: 956630792 | E83: 1028797672 | F83: 1347840000 | G83: =JUL!Q122 -> 8.5794579e+08 | H83: =IFERROR(G83/F83,0) -> 0.63653386 | I83: =IFERROR(G83/D83-1,0) -> -0.10315892 | J83: =IFERROR(G83/E83-1,0) -> -0.16606947 | L83: Jul | M83: 1036862706 | N83: 760013936 | O83: 1422720000 | P83: =JUL!Q121 -> 8.1549118e+08 | Q83: =IFERROR(P83/O83,0) -> 0.57319162 | R83: =IFERROR(P83/M83-1,0) -> -0.21350129 | S83: =IFERROR(P83/N83-1,0) -> 0.072995041 | W83: Jul | X83: 981001034 | Y83: 967495674 | Z83: 1148160000 | AA83: =JUL!Q134 -> 1.0809153e+09 | AB83: =IFERROR(AA83/Z83,0) -> 0.94143265 | AC83: =IFERROR(AA83/X83-1,0) -> 0.1018493 | AD83: =IFERROR(AA83/Y83-1,0) -> 0.11723012 | AF83: Jul | AG83: 714996770 | AH83: 543365884 | AI83: 898560000 | AJ83: =JUL!Q136 -> 4.9415883e+08 | AK83: =IFERROR(AJ83/AI83,0) -> 0.54994528 | AL83: =IFERROR(AJ83/AG83-1,0) -> -0.30886565 | AM83: =IFERROR(AJ83/AH83-1,0) -> -0.090559711
C84: Aug | D84: 1002343985 | E84: 856070556 | F84: 1516320000 | G84: =AGS!Q122 -> 8.1326529e+08 | H84: =IFERROR(G84/F84,0) -> 0.53634146 | I84: =IFERROR(G84/D84-1,0) -> -0.18863654 | J84: =IFERROR(G84/E84-1,0) -> -0.050002036 | L84: Aug | M84: 924989587 | N84: 762107103 | O84: 1600560000 | P84: =AGS!Q121 -> 4.4713394e+08 | Q84: =IFERROR(P84/O84,0) -> 0.27936094 | R84: =IFERROR(P84/M84-1,0) -> -0.51660651 | S84: =IFERROR(P84/N84-1,0) -> -0.41329252 | W84: Aug | X84: 918906735 | Y84: 825865477 | Z84: 1291680000 | AA84: =AGS!Q134 -> 7.2261275e+08 | AB84: =IFERROR(AA84/Z84,0) -> 0.55943635 | AC84: =IFERROR(AA84/X84-1,0) -> -0.21361687 | AD84: =IFERROR(AA84/Y84-1,0) -> -0.12502366 | AF84: Aug | AG84: 748889468 | AH84: 520010543 | AI84: 1010880000 | AJ84: =AGS!Q136 -> 5.5203527e+08 | AK84: =IFERROR(AJ84/AI84,0) -> 0.54609377 | AL84: =IFERROR(AJ84/AG84-1,0) -> -0.26286148 | AM84: =IFERROR(AJ84/AH84-1,0) -> 0.061584774
C85: Sep | D85: 1052674380 | E85: 919373283 | F85: 1347840000 | G85: =SEP!Q122 -> 4.2545967e+08 | H85: =IFERROR(G85/F85,0) -> 0.31566037 | I85: =IFERROR(G85/D85-1,0) -> -0.59582974 | J85: =IFERROR(G85/E85-1,0) -> -0.53722859 | L85: Sep | M85: 811485774 | N85: 813090938 | O85: 1422720000 | P85: =SEP!Q121 -> 5.4837759e+08 | Q85: =IFERROR(P85/O85,0) -> 0.38544309 | R85: =IFERROR(P85/M85-1,0) -> -0.32423019 | S85: =IFERROR(P85/N85-1,0) -> -0.32556426 | W85: Sep | X85: 808903207 | Y85: 944322393 | Z85: 1148160000 | AA85: =SEP!Q134 -> 8.0737325e+08 | AB85: =IFERROR(AA85/Z85,0) -> 0.70318879 | AC85: =IFERROR(AA85/X85-1,0) -> -0.0018914024 | AD85: =IFERROR(AA85/Y85-1,0) -> -0.14502372 | AF85: Sep | AG85: 649842936 | AH85: 514379106 | AI85: 898560000 | AJ85: =SEP!Q136 -> 4.0547907e+08 | AK85: =IFERROR(AJ85/AI85,0) -> 0.45125431 | AL85: =IFERROR(AJ85/AG85-1,0) -> -0.37603527 | AM85: =IFERROR(AJ85/AH85-1,0) -> -0.21171162
C86: Oct | D86: 937879885 | E86: 880506824 | F86: 1516320000 | G86: =OKT!AB131 -> 0 | H86: =IFERROR(G86/F86,0) -> 0 | I86: =IFERROR(G86/D86-1,0) -> -1 | J86: =IFERROR(G86/E86-1,0) -> -1 | L86: Oct | M86: 917189215 | N86: 774625200 | O86: 1600560000 | P86: =OKT!AB132 -> 0 | Q86: =IFERROR(P86/O86,0) -> 0 | R86: =IFERROR(P86/M86-1,0) -> -1 | S86: =IFERROR(P86/N86-1,0) -> -1 | W86: Oct | X86: 938570701 | Y86: 841783492 | Z86: 1291680000 | AA86: =OKT!AB145 -> 0 | AB86: =IFERROR(AA86/Z86,0) -> 0 | AC86: =IFERROR(AA86/X86-1,0) -> -1 | AD86: =IFERROR(AA86/Y86-1,0) -> -1 | AF86: Oct | AG86: 662612520 | AH86: 528894439 | AI86: 1010880000 | AJ86: =OKT!AB143 -> 0 | AK86: =IFERROR(AJ86/AI86,0) -> 0 | AL86: =IFERROR(AJ86/AG86-1,0) -> -1 | AM86: =IFERROR(AJ86/AH86-1,0) -> -1
C87: Nov | D87: 831767135 | E87: 791201516 | F87: 1347840000 | G87: =NOV!AB130 -> 0 | H87: =IFERROR(G87/F87,0) -> 0 | I87: =IFERROR(G87/D87-1,0) -> -1 | J87: =IFERROR(G87/E87-1,0) -> -1 | L87: Nov | M87: 940923546 | N87: 762580365 | O87: 1422720000 | P87: =NOV!AB132 -> 0 | Q87: =IFERROR(P87/O87,0) -> 0 | R87: =IFERROR(P87/M87-1,0) -> -1 | S87: =IFERROR(P87/N87-1,0) -> -1 | W87: Nov | X87: 1056226410 | Y87: 877332558 | Z87: 1148160000 | AA87: =NOV!AB145 -> 0 | AB87: =IFERROR(AA87/Z87,0) -> 0 | AC87: =IFERROR(AA87/X87-1,0) -> -1 | AD87: =IFERROR(AA87/Y87-1,0) -> -1 | AF87: Nov | AG87: 630619313 | AH87: 529517994 | AI87: 898560000 | AJ87: =NOV!AB143 -> 0 | AK87: =IFERROR(AJ87/AI87,0) -> 0 | AL87: =IFERROR(AJ87/AG87-1,0) -> -1 | AM87: =IFERROR(AJ87/AH87-1,0) -> -1
C88: Dec | D88: 892532663 | E88: 1026438948 | F88: 1347840000 | G88: 0 | H88: =IFERROR(G88/F88,0) -> 0 | I88: =IFERROR(G88/D88-1,0) -> -1 | J88: =IFERROR(G88/E88-1,0) -> -1 | L88: Dec | M88: 1093790032 | N88: 741685500 | O88: 1422720000 | P88: 0 | Q88: =IFERROR(P88/O88,0) -> 0 | R88: =IFERROR(P88/M88-1,0) -> -1 | S88: =IFERROR(P88/N88-1,0) -> -1 | W88: Dec | X88: 1107483954 | Y88: 1097243156 | Z88: 1148160000 | AA88: =DES!Z142 -> 0 | AB88: =IFERROR(AA88/Z88,0) -> 0 | AC88: =IFERROR(AA88/X88-1,0) -> -1 | AD88: =IFERROR(AA88/Y88-1,0) -> -1 | AF88: Dec | AG88: 597662531 | AH88: 525902098 | AI88: 898560000 | AJ88: =DES!Z140 -> 0 | AK88: =IFERROR(AJ88/AI88,0) -> 0 | AL88: =IFERROR(AJ88/AG88-1,0) -> -1 | AM88: =IFERROR(AJ88/AH88-1,0) -> -1
C89: Sem 2 | D89: =SUM(D83:D88) -> 5673828840 | E89: =SUM(E83:E88) -> 5502388799 | F89: =SUM(F83:F88) -> 8424000000 | G89: =SUM(G83:G88) -> 2.0966708e+09 | H89: =IFERROR(G89/F89,0) -> 0.24889254 | I89: =IFERROR(G89/D89-1,0) -> -0.63046634 | J89: =IFERROR(G89/E89-1,0) -> -0.61895264 | L89: Sem 2 | M89: =SUM(M83:M88) -> 5725240860 | N89: =SUM(N83:N88) -> 4614103042 | O89: =SUM(O83:O88) -> 8892000000 | P89: =SUM(P83:P88) -> 1.8110027e+09 | Q89: =IFERROR(P89/O89,0) -> 0.20366652 | R89: =IFERROR(P89/M89-1,0) -> -0.68368096 | S89: =IFERROR(P89/N89-1,0) -> -0.60750709 | W89: Sem 2 | X89: =SUM(X83:X88) -> 5811092041 | Y89: =SUM(Y83:Y88) -> 5554042750 | Z89: =SUM(Z83:Z88) -> 7176000000 | AA89: =SUM(AA83:AA88) -> 2.6109013e+09 | AB89: =IFERROR(AA89/Z89,0) -> 0.36383797 | AC89: =IFERROR(AA89/X89-1,0) -> -0.55070385 | AD89: =IFERROR(AA89/Y89-1,0) -> -0.52990976 | AF89: Sem 2 | AG89: =SUM(AG83:AG88) -> 4004623538 | AH89: =SUM(AH83:AH88) -> 3162070064 | AI89: =SUM(AI83:AI88) -> 5616000000 | AJ89: =SUM(AJ83:AJ88) -> 1.4516732e+09 | AK89: =IFERROR(AJ89/AI89,0) -> 0.25848881 | AL89: =IFERROR(AJ89/AG89-1,0) -> -0.63750071 | AM89: =IFERROR(AJ89/AH89-1,0) -> -0.5409105
C90: TOTAL YTD | D90: =D82+D89 -> 10716643954 | E90: =E82+E89 -> 10664867850 | F90: =F82+F89 -> 16848000000 | G90: =G82+G89 -> 6.5960734e+09 | H90: =IFERROR(G90/F90,0) -> 0.39150483 | I90: =IFERROR(G90/D90-1,0) -> -0.38450196 | J90: =IFERROR(G90/E90-1,0) -> -0.38151382 | L90: TOTAL YTD | M90: =M82+M89 -> 10397009108 | N90: =N82+N89 -> 9561978864 | O90: =O82+O89 -> 17784000000 | P90: =P82+P89 -> 5.6002872e+09 | Q90: =IFERROR(P90/O90,0) -> 0.31490594 | R90: =IFERROR(P90/M90-1,0) -> -0.46135594 | S90: =IFERROR(P90/N90-1,0) -> -0.41431714 | W90: TOTAL YTD | X90: =X82+X89 -> 12138943603 | Y90: =Y82+Y89 -> 10653528428 | Z90: =Z82+Z89 -> 14352000000 | AA90: =AA82+AA89 -> 8.1359275e+09 | AB90: =IFERROR(AA90/Z90,0) -> 0.56688458 | AC90: =IFERROR(AA90/X90-1,0) -> -0.32976643 | AD90: =IFERROR(AA90/Y90-1,0) -> -0.23631616 | AF90: TOTAL YTD | AG90: =AG82+AG89 -> 7879074333 | AH90: =AH82+AH89 -> 6459602333 | AI90: =AI82+AI89 -> 11232000000 | AJ90: =AJ82+AJ89 -> 4.4917503e+09 | AK90: =IFERROR(AJ90/AI90,0) -> 0.39990654 | AL90: =IFERROR(AJ90/AG90-1,0) -> -0.42991396 | AM90: =IFERROR(AJ90/AH90-1,0) -> -0.30463981
C91: AVG YTD | D91: =IFERROR(AVERAGE(D76:D81,D83:D88),0) -> 8.9305366e+08 | E91: =IFERROR(AVERAGE(E76:E81,E83:E88),0) -> 8.8873899e+08 | F91: =IFERROR(AVERAGE(F76:F81,F83:F88),0) -> 1404000000 | G91: =IFERROR(AVERAGE(G76:G81,G83:G88),0) -> 5.4967278e+08 | H91: =IFERROR(G91/F91,0) -> 0.39150483 | I91: =IFERROR(G91/D91-1,0) -> -0.38450196 | J91: =IFERROR(G91/E91-1,0) -> -0.38151382 | L91: AVG YTD | M91: =IFERROR(AVERAGE(M76:M81,M83:M88),0) -> 8.6641743e+08 | N91: =IFERROR(AVERAGE(N76:N81,N83:N88),0) -> 796831572 | O91: =IFERROR(AVERAGE(O76:O81,O83:O88),0) -> 1482000000 | P91: =IFERROR(AVERAGE(P76:P81,P83:P88),0) -> 4.666906e+08 | Q91: =IFERROR(P91/O91,0) -> 0.31490594 | R91: =IFERROR(P91/M91-1,0) -> -0.46135594 | S91: =IFERROR(P91/N91-1,0) -> -0.41431714 | W91: AVG YTD | X91: =IFERROR(AVERAGE(X76:X81,X83:X88),0) -> 1.0115786e+09 | Y91: =IFERROR(AVERAGE(Y76:Y81,Y83:Y88),0) -> 8.8779404e+08 | Z91: =IFERROR(AVERAGE(Z76:Z81,Z83:Z88),0) -> 1196000000 | AA91: =IFERROR(AVERAGE(AA76:AA81,AA83:AA88),0) -> 6.7799396e+08 | AB91: =IFERROR(AA91/Z91,0) -> 0.56688458 | AC91: =IFERROR(AA91/X91-1,0) -> -0.32976643 | AD91: =IFERROR(AA91/Y91-1,0) -> -0.23631616 | AF91: AVG YTD | AG91: =IFERROR(AVERAGE(AG76:AG81,AG83:AG88),0) -> 6.5658953e+08 | AH91: =IFERROR(AVERAGE(AH76:AH81,AH83:AH88),0) -> 5.3830019e+08 | AI91: =IFERROR(AVERAGE(AI76:AI81,AI83:AI88),0) -> 936000000 | AJ91: =IFERROR(AVERAGE(AJ76:AJ81,AJ83:AJ88),0) -> 3.7431252e+08 | AK91: =IFERROR(AJ91/AI91,0) -> 0.39990654 | AL91: =IFERROR(AJ91/AG91-1,0) -> -0.42991396 | AM91: =IFERROR(AJ91/AH91-1,0) -> -0.30463981
C94: SELISIH 2024 -2025 | I94: PERBANDINGAN DENGAN TARGET | Q94: TANDA TANGAN SPV | W94: SELISIH 2024 -2025 | AC94: PERBANDINGAN DENGAN TARGET | AK94: TANDA TANGAN SPV
C97: =E52-D52 -> -1166023601 | I97: =G52-F52 -> -5.3271414e+10 | W97: =Y52-X52 -> -5237489089 | AC97: =AA52-Z52 -> -3.5164004e+10
C100: SELISIH 2025 -2026 | W100: SELISIH 2025 -2026
C103: =G52-E52 -> -2.5399192e+10 | W103: =AA52-Y52 -> -1.3607758e+10

Sheet AGPn-Harian
B2: SEMESTER 1
B4: 46023
B6: NAMA SALES | C6: STEVEN | D6: ROUTE : LUAR PULAU JAWA | H6: =UPPER(TEXT('AGPn-Harian'!B4,"MMM-YY")) -> JAN-26
B7: ROUTE | C7: TARGET | D7: CUST | E7: =JAN!F4 -> OMSET JAN (1-31) | F7: OMSET SPV | G7: OMSET NETT | H7: SISA | I7: PERCENTAGE
I8: =JAN!K4 -> 1
B9: LAMPUNG | C9: 2000000000 | D9: 15 | E9: 1461128298 | G9: =E9-F9 -> 1461128298 | H9: =G9-C9 -> -538871702 | I9: =G9/C9 -> 0.73056415
B10: PALEMBANG | C10: 1000000000 | D10: 8 | E10: 259775443 | G10: =E10-F10 -> 259775443 | H10: =G10-C10 -> -740224557 | I10: =G10/C10 -> 0.25977544
B11: BENGKULU | C11: 500000000 | D11: 2 | E11: 189865312 | G11: =E11-F11 -> 189865312 | H11: =G11-C11 -> -310134688 | I11: =G11/C11 -> 0.37973062
B12: BANGKA BELITUNG | C12: 500000000 | D12: 8 | E12: 190550230 | G12: =E12-F12 -> 190550230 | H12: =G12-C12 -> -309449770 | I12: =G12/C12 -> 0.38110046
B13: JAMBI | C13: 100000000 | D13: 2 | E13: 10646198 | G13: =E13-F13 -> 10646198 | H13: =G13-C13 -> -89353802 | I13: =G13/C13 -> 0.10646198
B14: PADANG | C14: 100000000 | D14: 3 | E14: 106070271 | G14: =E14-F14 -> 106070271 | H14: =G14-C14 -> 6070271 | I14: =G14/C14 -> 1.0607027
B15: RIAU | C15: 200000000 | D15: 1 | E15: 5901035 | G15: =E15-F15 -> 5901035 | H15: =G15-C15 -> -194098965 | I15: =G15/C15 -> 0.029505175
B16: KALIMANTAN BARAT | C16: 500000000 | D16: 5 | E16: 149447313 | G16: =E16-F16 -> 149447313 | H16: =G16-C16 -> -350552687 | I16: =G16/C16 -> 0.29889463
B17: SULAWESI SELATAN | C17: 600000000 | D17: 3 | E17: 151204446 | G17: =E17-F17 -> 151204446 | H17: =G17-C17 -> -448795554 | I17: =G17/C17 -> 0.25200741
B18: MANADO | D18: 1 | E18: 16900694 | G18: =E18-F18 -> 16900694
B19: TOTAL | C19: =SUM(C9:C17) -> 5500000000 | D19: =SUM(D9:D18) -> 48 | E19: =SUM(E9:E18) -> 2541489240 | F19: =SUM(F9:F18) -> 0 | G19: =SUM(G9:G18) -> 2541489240 | H19: =G19-C19 -> -2958510760 | I19: =G19/C19 -> 0.46208895
B21: NAMA SALES | C21: =C6 -> STEVEN | D21: ROUTE : CIKAMPEK | H21: =H6 -> JAN-26
B22: ROUTE | C22: TARGET | D22: CUST | E22: =E7 -> OMSET JAN (1-31) | F22: OMSET SPV | G22: OMSET NETT | H22: SISA | I22: PERCENTAGE
I23: =I8 -> 1
B24: CIKAMPEK | C24: 2000000000 | D24: 28 | E24: 1547094181 | G24: =E24-F24 -> 1547094181 | H24: =G24-C24 -> -452905819 | I24: =G24/C24 -> 0.77354709
B26: TOTAL | C26: =SUM(C24:C25) -> 2000000000 | D26: =SUM(D24:D25) -> 28 | E26: =SUM(E24:E25) -> 1547094181 | F26: =SUM(F24:F25) -> 0 | G26: =SUM(G24:G25) -> 1547094181 | H26: =G26-C26 -> -452905819 | I26: =G26/C26 -> 0.77354709
B28: NAMA SALES | C28: PETER | D28: ROUTE: BANDUNG & GARUT | H28: =H21 -> JAN-26
B29: ROUTE | C29: TARGET | D29: CUST | E29: =E7 -> OMSET JAN (1-31) | F29: OMSET SPV | G29: OMSET NETT | H29: SISA | I29: PERCENTAGE
I30: =I8 -> 1
B31: BANDUNG | C31: 1000000000 | D31: 68 | E31: 927956967 | G31: =E31-F31 -> 927956967 | H31: =G31-C31 -> -72043033 | I31: =G31/C31 -> 0.92795697
B32: GARUT | C32: 300000000 | G32: =E32-F32 -> 0 | H32: =G32-C32 -> -300000000 | I32: =G32/C32 -> 0
B33: TOTAL | C33: =SUM(C31:C32) -> 1300000000 | D33: =SUM(D31:D32) -> 68 | E33: =SUM(E31:E32) -> 927956967 | F33: =SUM(F31:F32) -> 0 | G33: =SUM(G31:G32) -> 927956967 | H33: =G33-C33 -> -372043033 | I33: =G33/C33 -> 0.71381305
A34: =C34/C33 -> 0.9 | B34: TARGET Q1 | C34: 1170000000 | G34: =G33 -> 927956967 | H34: =G34-C34 -> -242043033 | I34: =G34/C34 -> 0.79312561
B36: TOTAL AGPN | C36: TARGET | D36: CUST | E36: =E7 -> OMSET JAN (1-31) | F36: OMSET SPV | G36: OMSET NETT | H36: SISA | I36: PERCENTAGE
I37: =I8 -> 1
C38: =SUM(C33,C26,C19) -> 8800000000 | D38: =SUM(D33,D26,D19) -> 144 | E38: =SUM(E33,E26,E19) -> 5016540388 | F38: =SUM(F33,F26,F19) -> 0 | G38: =SUM(G33,G26,G19) -> 5016540388 | H38: =G38-C38 -> -3783459612 | I38: =G38/C38 -> 0.57006141
B41: 46054
B43: NAMA SALES | C43: STEVEN | D43: ROUTE : LUAR PULAU JAWA | H43: =UPPER(TEXT('AGPn-Harian'!B41,"MMM-YY")) -> FEB-26
B44: ROUTE | C44: TARGET | D44: CUST | E44: =FEB!F4 -> OMSET FEB (1-28) | F44: OMSET PRODUK | G44: OMSET NETT | H44: SISA | I44: PERCENTAGE
I45: =FEB!K4 -> 1
B46: LAMPUNG | C46: 2000000000 | D46: 12 | E46: 1.1412092e+09 | G46: =E46-F46 -> 1.1412092e+09 | H46: =G46-C46 -> -8.5879078e+08 | I46: =G46/C46 -> 0.57060461
B47: PALEMBANG | C47: 1000000000 | D47: 8 | E47: 3.5255636e+08 | G47: =E47-F47 -> 3.5255636e+08 | H47: =G47-C47 -> -6.4744364e+08 | I47: =G47/C47 -> 0.35255636
B48: BENGKULU | C48: 500000000 | D48: 3 | E48: 4.688691e+08 | G48: =E48-F48 -> 4.688691e+08 | H48: =G48-C48 -> -31130901 | I48: =G48/C48 -> 0.9377382
B49: BANGKA BELITUNG | C49: 500000000 | D49: 7 | E49: 1.6925199e+08 | G49: =E49-F49 -> 1.6925199e+08 | H49: =G49-C49 -> -3.3074801e+08 | I49: =G49/C49 -> 0.33850399
B50: JAMBI | C50: 100000000 | G50: =E50-F50 -> 0 | H50: =G50-C50 -> -100000000 | I50: =G50/C50 -> 0
B51: PADANG | C51: 100000000 | D51: 2 | E51: 4522522.5 | G51: =E51-F51 -> 4522522.5 | H51: =G51-C51 -> -95477477 | I51: =G51/C51 -> 0.045225225
B52: RIAU | C52: 200000000 | D52: 2 | E52: 8621621.6 | G52: =E52-F52 -> 8621621.6 | H52: =G52-C52 -> -1.9137838e+08 | I52: =G52/C52 -> 0.043108108
B53: KALIMANTAN BARAT | C53: 500000000 | D53: 3 | E53: 64174887 | G53: =E53-F53 -> 64174887 | H53: =G53-C53 -> -4.3582511e+08 | I53: =G53/C53 -> 0.12834977
B54: SULAWESI SELATAN | C54: 600000000 | G54: =E54-F54 -> 0 | H54: =G54-C54 -> -600000000 | I54: =G54/C54 -> 0
B55: MANADO | G55: =E55-F55 -> 0
B56: TOTAL | C56: =SUM(C46:C54) -> 5500000000 | D56: =SUM(D46:D55) -> 37 | E56: =SUM(E46:E55) -> 2.2092057e+09 | F56: =SUM(F46:F55) -> 0 | G56: =SUM(G46:G55) -> 2.2092057e+09 | H56: =G56-C56 -> -3.2907943e+09 | I56: =G56/C56 -> 0.40167376
B58: NAMA SALES | C58: =C43 -> STEVEN | D58: ROUTE : CIKAMPEK | H58: =H43 -> FEB-26
B59: ROUTE | C59: TARGET | D59: CUST | E59: =E44 -> OMSET FEB (1-28) | F59: OMSET PRODUK | G59: OMSET NETT | H59: SISA | I59: PERCENTAGE
I60: =I45 -> 1
B61: CIKAMPEK | C61: 2000000000 | D61: 28 | E61: 1.7461355e+09 | G61: =E61-F61 -> 1.7461355e+09 | H61: =G61-C61 -> -2.5386446e+08 | I61: =G61/C61 -> 0.87306777
B63: TOTAL | C63: =SUM(C61:C62) -> 2000000000 | D63: =SUM(D61:D62) -> 28 | E63: =SUM(E61:E62) -> 1.7461355e+09 | F63: =SUM(F61:F62) -> 0 | G63: =SUM(G61:G62) -> 1.7461355e+09 | H63: =G63-C63 -> -2.5386446e+08 | I63: =G63/C63 -> 0.87306777
B65: NAMA SALES | C65: PETER | D65: ROUTE: BANDUNG & GARUT | H65: =H58 -> FEB-26
B66: ROUTE | C66: TARGET | D66: CUST | E66: =E44 -> OMSET FEB (1-28) | F66: OMSET PRODUK | G66: OMSET NETT | H66: SISA | I66: PERCENTAGE
I67: =I45 -> 1
B68: BANDUNG | C68: 1000000000 | D68: 68 | E68: 1.0756418e+09 | F68: 5201153.2 | G68: =E68-F68 -> 1.0704407e+09 | H68: =G68-C68 -> 70440685 | I68: =G68/C68 -> 1.0704407
B69: GARUT | C69: 300000000 | G69: =E69-F69 -> 0 | H69: =G69-C69 -> -300000000 | I69: =G69/C69 -> 0
B70: TOTAL | C70: =SUM(C68:C69) -> 1300000000 | D70: =SUM(D68:D69) -> 68 | E70: =SUM(E68:E69) -> 1.0756418e+09 | F70: =SUM(F68:F69) -> 5201153.2 | G70: =SUM(G68:G69) -> 1.0704407e+09 | H70: =G70-C70 -> -2.2955932e+08 | I70: =G70/C70 -> 0.82341591
B71: TARGET Q1 | C71: 1170000000 | G71: =G70 -> 1.0704407e+09 | H71: =G71-C71 -> -99559315 | I71: =G71/C71 -> 0.91490657
B73: TOTAL AGPN | C73: TARGET | D73: CUST | E73: =E44 -> OMSET FEB (1-28) | F73: =F66 -> OMSET PRODUK | G73: OMSET NETT | H73: SISA | I73: PERCENTAGE
I74: =I45 -> 1
C75: =SUM(C70,C63,C56) -> 8800000000 | D75: =SUM(D70,D63,D56) -> 133 | E75: =SUM(E70,E63,E56) -> 5.0309831e+09 | F75: =SUM(F70,F63,F56) -> 5201153.2 | G75: =SUM(G70,G63,G56) -> 5.0257819e+09 | H75: =G75-C75 -> -3.7742181e+09 | I75: =G75/C75 -> 0.57111158
B78: 46082
B80: NAMA SALES | C80: STEVEN | D80: ROUTE : LUAR PULAU JAWA | H80: =UPPER(TEXT('AGPn-Harian'!B78,"MMM-YY")) -> MAR-26
B81: ROUTE | C81: TARGET | D81: CUST | E81: =MAR!F4 -> OMSET MAR (1-31) | F81: OMSET PRODUK | G81: OMSET NETT | H81: SISA | I81: PERCENTAGE
I82: =MAR!K4 -> 1
B83: LAMPUNG | C83: 2000000000 | D83: 8 | E83: 3.227659e+08 | G83: =E83-F83 -> 3.227659e+08 | H83: =G83-C83 -> -1.6772341e+09 | I83: =G83/C83 -> 0.16138295
B84: PALEMBANG | C84: 1000000000 | D84: 4 | E84: 94675622 | G84: =E84-F84 -> 94675622 | H84: =G84-C84 -> -9.0532438e+08 | I84: =G84/C84 -> 0.094675622
B85: BENGKULU | C85: 500000000 | G85: =E85-F85 -> 0 | H85: =G85-C85 -> -500000000 | I85: =G85/C85 -> 0
B86: BANGKA BELITUNG | C86: 500000000 | D86: 7 | E86: 86821928 | G86: =E86-F86 -> 86821928 | H86: =G86-C86 -> -4.1317807e+08 | I86: =G86/C86 -> 0.17364386
B87: JAMBI | C87: 100000000 | D87: 1 | E87: 7399369.4 | G87: =E87-F87 -> 7399369.4 | H87: =G87-C87 -> -92600631 | I87: =G87/C87 -> 0.073993694
B88: PADANG | C88: 100000000 | G88: =E88-F88 -> 0 | H88: =G88-C88 -> -100000000 | I88: =G88/C88 -> 0
B89: RIAU | C89: 200000000 | G89: =E89-F89 -> 0 | H89: =G89-C89 -> -200000000 | I89: =G89/C89 -> 0
B90: KALIMANTAN BARAT | C90: 500000000 | D90: 3 | E90: 1.4191892e+08 | G90: =E90-F90 -> 1.4191892e+08 | H90: =G90-C90 -> -3.5808108e+08 | I90: =G90/C90 -> 0.28383784
B91: SULAWESI SELATAN | C91: 600000000 | G91: =E91-F91 -> 0 | H91: =G91-C91 -> -600000000 | I91: =G91/C91 -> 0
B92: MANADO | G92: =E92-F92 -> 0
B93: TOTAL | C93: =SUM(C83:C91) -> 5500000000 | D93: =SUM(D83:D92) -> 23 | E93: =SUM(E83:E92) -> 6.5358174e+08 | F93: =SUM(F83:F92) -> 0 | G93: =SUM(G83:G92) -> 6.5358174e+08 | H93: =G93-C93 -> -4.8464183e+09 | I93: =G93/C93 -> 0.11883304
B95: NAMA SALES | C95: =C80 -> STEVEN | D95: ROUTE : CIKAMPEK | H95: =H80 -> MAR-26
B96: ROUTE | C96: TARGET | D96: CUST | E96: =E81 -> OMSET MAR (1-31) | F96: OMSET PRODUK | G96: OMSET NETT | H96: SISA | I96: PERCENTAGE
I97: =I82 -> 1
B98: CIKAMPEK | C98: 2000000000 | D98: 19 | E98: 1.0694967e+09 | G98: =E98-F98 -> 1.0694967e+09 | H98: =G98-C98 -> -9.3050325e+08 | I98: =G98/C98 -> 0.53474837
B100: TOTAL | C100: =SUM(C98:C99) -> 2000000000 | D100: =SUM(D98:D99) -> 19 | E100: =SUM(E98:E99) -> 1.0694967e+09 | F100: =SUM(F98:F99) -> 0 | G100: =SUM(G98:G99) -> 1.0694967e+09 | H100: =G100-C100 -> -9.3050325e+08 | I100: =G100/C100 -> 0.53474837
B102: NAMA SALES | C102: PETER | D102: ROUTE: BANDUNG & GARUT | H102: =H95 -> MAR-26
B103: ROUTE | C103: TARGET | D103: CUST | E103: =E81 -> OMSET MAR (1-31) | F103: OMSET PRODUK | G103: OMSET NETT | H103: SISA | I103: PERCENTAGE
I104: =I82 -> 1
B105: BANDUNG | C105: 1000000000 | D105: 53 | E105: 5.5391497e+08 | F105: 1210810.8 | G105: =E105-F105 -> 5.5270416e+08 | H105: =G105-C105 -> -4.4729584e+08 | I105: =G105/C105 -> 0.55270416
B106: GARUT | C106: 300000000 | D106: 1 | E106: 27166667 | G106: =E106-F106 -> 27166667 | H106: =G106-C106 -> -2.7283333e+08 | I106: =G106/C106 -> 0.090555556
B107: TOTAL | C107: =SUM(C105:C106) -> 1300000000 | D107: 53 | E107: 5.8108164e+08 | F107: =SUM(F105:F106) -> 1210810.8 | G107: =SUM(G105:G106) -> 5.7987083e+08 | H107: =G107-C107 -> -7.2012917e+08 | I107: =G107/C107 -> 0.44605448
B108: TARGET Q1 | C108: 1170000000 | G108: =G107 -> 5.7987083e+08 | H108: =G108-C108 -> -5.9012917e+08 | I108: =G108/C108 -> 0.49561609
B110: TOTAL AGPN | C110: TARGET | D110: CUST | E110: =E81 -> OMSET MAR (1-31) | F110: =F103 -> OMSET PRODUK | G110: OMSET NETT | H110: SISA | I110: PERCENTAGE
I111: =I82 -> 1
C112: =SUM(C107,C100,C93) -> 8800000000 | D112: =SUM(D107,D100,D93) -> 95 | E112: =SUM(E107,E100,E93) -> 2.3041601e+09 | F112: =SUM(F107,F100,F93) -> 1210810.8 | G112: =SUM(G107,G100,G93) -> 2.3029493e+09 | H112: =G112-C112 -> -6.4970507e+09 | I112: =G112/C112 -> 0.26169879
B115: =APR!B1 -> 46142
B117: NAMA SALES | C117: STEVEN | D117: ROUTE : LUAR PULAU JAWA | H117: =UPPER(TEXT('AGPn-Harian'!B115,"MMM-YY")) -> APR-26
B118: ROUTE | C118: TARGET | D118: CUST | E118: =APR!F4 -> OMSET APR (1-30) | F118: OMSET PRODUK | G118: OMSET NETT | H118: SISA | I118: PERCENTAGE
I119: =APR!K4 -> 1
B120: LAMPUNG | C120: 2000000000 | D120: 10 | E120: 7.3714068e+08 | G120: =E120-F120 -> 7.3714068e+08 | H120: =G120-C120 -> -1.2628593e+09 | I120: =G120/C120 -> 0.36857034
B121: PALEMBANG | C121: 1000000000 | D121: 5 | E121: 1.7063829e+08 | G121: =E121-F121 -> 1.7063829e+08 | H121: =G121-C121 -> -8.2936171e+08 | I121: =G121/C121 -> 0.17063829
B122: BENGKULU | C122: 500000000 | D122: 2 | E122: 3.4994369e+08 | G122: =E122-F122 -> 3.4994369e+08 | H122: =G122-C122 -> -1.5005631e+08 | I122: =G122/C122 -> 0.69988739
B123: BANGKA BELITUNG | C123: 500000000 | D123: 7 | E123: 2.0779572e+08 | G123: =E123-F123 -> 2.0779572e+08 | H123: =G123-C123 -> -2.9220428e+08 | I123: =G123/C123 -> 0.41559144
B124: JAMBI | C124: 100000000 | D124: 2 | E124: 16160667 | G124: =E124-F124 -> 16160667 | H124: =G124-C124 -> -83839333 | I124: =G124/C124 -> 0.16160667
...

Sheet TELE-Harian
B2: SEMESTER 1
B6: =JUN!B1 -> 46203
B8: NAMA SALES | C8: TELEMARKETING | F8: =UPPER(TEXT('AGPn-Harian'!B189,"MMM-YY")) -> JUN-26
B9: ROUTE | C9: TARGET | D9: CUST | E9: =JUN!F4 -> OMSET JUN (1-30) | F9: SISA | G9: PERCENTAGE
G10: =JUN!K4 -> 1
B11: TELEMARKETING 1 | D11: 70 | E11: 5.0770201e+08
B12: TELEMARKETING 2 | D12: 13 | E12: 82487500
B13: TELEMARKETING 3 | D13: 4 | E13: 8427020
B14: TOTAL | C14: 500000000 | D14: =SUM(D11:D13) -> 87 | E14: =SUM(E11:E13) -> 5.9861653e+08 | F14: =E14-C14 -> 98616529 | G14: =E14/C14 -> 1.1972331
B18: =JUL!B1 -> 46234
B20: NAMA SALES | C20: TELEMARKETING | F20: ='AGPn-Harian'!G228 -> JUL-26
B21: ROUTE | C21: TARGET | D21: CUST | E21: =JUL!F4 -> OMSET JUL (1-31) | F21: SISA | G21: PERCENTAGE
G22: =JUL!H4 -> 1
B23: TELEMARKETING 1 | D23: 73 | E23: 4.7381887e+08
B24: TELEMARKETING 2 | D24: 16 | E24: 76590819
B25: TELEMARKETING 3 | D25: 6 | E25: 21790973
B26: TOTAL | C26: 500000000 | D26: =SUM(D23:D25) -> 95 | E26: =SUM(E23:E25) -> 5.7220066e+08 | F26: =E26-C26 -> 72200658 | G26: =E26/C26 -> 1.1444013
B30: =AGS!B1 -> 46265
B32: NAMA SALES | C32: TELEMARKETING | F32: ='AGPn-Harian'!G265 -> AGU-26
B33: ROUTE | C33: TARGET | D33: CUST | E33: =AGS!F15 -> OMSET AGU (1-31) | F33: SISA | G33: PERCENTAGE
G34: =AGS!H4 -> 1
B35: TELEMARKETING 1 | D35: 77 | E35: 5.1821957e+08
B36: TELEMARKETING 2 | D36: 27 | E36: 1.4177979e+08
B37: TOTAL | C37: 500000000 | D37: =SUM(D35:D36) -> 104 | E37: =SUM(E35:E36) -> 6.5999936e+08 | F37: =E37-C37 -> 1.5999936e+08 | G37: =E37/C37 -> 1.3199987
B41: =SEP!B1 -> 46286
B43: NAMA SALES | C43: TELEMARKETING
B44: ROUTE | C44: TARGET | D44: CUST | E44: =SEP!Q4 -> OMSET SEP (1-21) | F44: SISA | G44: PERCENTAGE
G45: =SEP!S4 -> 0.7
B46: TELEMARKETING 1 | D46: 62 | E46: 3.9822204e+08
B47: TELEMARKETING 2 | D47: 29 | E47: 1.6663168e+08
B48: TOTAL | C48: 500000000 | D48: =SUM(D46:D47) -> 91 | E48: =SUM(E46:E47) -> 5.6485372e+08 | F48: =E48-C48 -> 64853717 | G48: =E48/C48 -> 1.1297074

Sheet JAN
A1: INPUT TGL | B1: 46053
A3: 1 | B3: NAMA SALES | C3: CHRISTOPER | D3: OA | E3: CUST | F3: ROUTE: BANTEN & TANGERANG KOTA | J3: SISA | K3: PERCENTAGE | O3: 1 | P3: NAMA SALES | Q3: RIFKY | R3: OA | S3: CUST | T3: ROUTE: BANTEN & TANGERANG KOTA | X3: SISA | Y3: PERCENTAGE
B4: KUNJUNGAN | C4: TARGET 100% | F4: ="OMSET "&UPPER(TEXT($B$1,"MMM"))&CHAR(10)&" (1-"&DAY($B$1)&")" -> OMSET JAN (1-31) | G4: OMSET PRODUK | H4: OMSET SPV | I4: OMSET NETT | K4: =100/DAY(EOMONTH($B$1,0))*DAY($B$1)/100 -> 1 | P4: KUNJUNGAN | Q4: TARGET 100% | T4: =F4 -> OMSET JAN (1-31) | U4: =G4 -> OMSET PRODUK | V4: OMSET SPV | W4: OMSET NETT | Y4: =K4 -> 1
B5: K-01 | C5: 184991040 | D5: 17 | E5: 14 | F5: 89702988 | G5: 1505000 | I5: =F5-G5 -> 88197988 | J5: =I5-C5 -> -96793052 | K5: =I5/C5 -> 0.47676897 | L5: =IF(K5>120%, I5*0.55%, IF(K5>100%, I5*0.45%, IF(K5>80%, I5*0.35%, IF(K5>60%, I5*0.2%, 0)))) -> 0 | P5: K-01 | Q5: 227448000 | R5: 15 | S5: 11 | T5: 1.1362426e+08 | W5: =T5-U5 -> 1.1362426e+08 | X5: =W5-Q5 -> -1.1382374e+08 | Y5: =W5/Q5 -> 0.49956147 | Z5: =IF(Y5>120%, W5*0.55%, IF(Y5>100%, W5*0.45%, IF(Y5>80%, W5*0.35%, IF(Y5>60%, W5*0.2%, 0)))) -> 0
B6: K-02 | C6: 308318400 | D6: 19 | E6: 17 | F6: 2.5667687e+08 | G6: 6500000 | I6: =F6-G6 -> 2.5017687e+08 | J6: =I6-C6 -> -58141530 | K6: =I6/C6 -> 0.81142374 | L6: =IF(K6>120%, I6*0.55%, IF(K6>100%, I6*0.45%, IF(K6>80%, I6*0.35%, IF(K6>60%, I6*0.2%, 0)))) -> 875619.04 | P6: K-02 | Q6: 1.76904e+08 | R6: 10 | S6: 8 | T6: 79787333 | W6: =T6-U6 -> 79787333 | X6: =W6-Q6 -> -97116667 | Y6: =W6/Q6 -> 0.45102052 | Z6: =IF(Y6>120%, W6*0.55%, IF(Y6>100%, W6*0.45%, IF(Y6>80%, W6*0.35%, IF(Y6>60%, W6*0.2%, 0)))) -> 0
B7: K-03 | C7: 123327360 | D7: 20 | E7: 16 | F7: 85572539 | G7: 1496144.1 | I7: =F7-G7 -> 84076395 | J7: =I7-C7 -> -39250965 | K7: =I7/C7 -> 0.68173352 | L7: =IF(K7>120%, I7*0.55%, IF(K7>100%, I7*0.45%, IF(K7>80%, I7*0.35%, IF(K7>60%, I7*0.2%, 0)))) -> 168152.79 | P7: K-03 | Q7: 202176000 | R7: 17 | S7: 14 | T7: 1.3628026e+08 | W7: =T7-U7 -> 1.3628026e+08 | X7: =W7-Q7 -> -65895739 | Y7: =W7/Q7 -> 0.67406745 | Z7: =IF(Y7>120%, W7*0.55%, IF(Y7>100%, W7*0.45%, IF(Y7>80%, W7*0.35%, IF(Y7>60%, W7*0.2%, 0)))) -> 272560.52
B8: K-04 | C8: 169575120 | D8: 19 | E8: 15 | F8: 1.7931326e+08 | G8: 2657500 | I8: =F8-G8 -> 1.7665576e+08 | J8: =I8-C8 -> 7080638.2 | K8: =I8/C8 -> 1.0417552 | L8: =IF(K8>120%, I8*0.55%, IF(K8>100%, I8*0.45%, IF(K8>80%, I8*0.35%, IF(K8>60%, I8*0.2%, 0)))) -> 794950.91 | P8: K-04 | Q8: 391716000 | R8: 24 | S8: 21 | T8: 3.1661027e+08 | W8: =T8-U8 -> 3.1661027e+08 | X8: =W8-Q8 -> -75105734 | Y8: =W8/Q8 -> 0.80826483 | Z8: =IF(Y8>120%, W8*0.55%, IF(Y8>100%, W8*0.45%, IF(Y8>80%, W8*0.35%, IF(Y8>60%, W8*0.2%, 0)))) -> 1108135.9
B9: K-05 | C9: 231238800 | D9: 14 | E9: 10 | F9: 1.7864994e+08 | G9: 666666.67 | I9: =F9-G9 -> 1.7798327e+08 | J9: =I9-C9 -> -53255529 | K9: =I9/C9 -> 0.76969467 | L9: =IF(K9>120%, I9*0.55%, IF(K9>100%, I9*0.45%, IF(K9>80%, I9*0.35%, IF(K9>60%, I9*0.2%, 0)))) -> 355966.54 | P9: K-05 | Q9: 138996000 | R9: 14 | S9: 8 | T9: 41875653 | W9: =T9-U9 -> 41875653 | X9: =W9-Q9 -> -97120347 | Y9: =W9/Q9 -> 0.30127236 | Z9: =IF(Y9>120%, W9*0.55%, IF(Y9>100%, W9*0.45%, IF(Y9>80%, W9*0.35%, IF(Y9>60%, W9*0.2%, 0)))) -> 0
B10: K-06 | C10: 5.2414128e+08 | D10: 22 | E10: 19 | F10: 2.9626667e+08 | G10: 1200000 | I10: =F10-G10 -> 2.9506667e+08 | J10: =I10-C10 -> -2.2907461e+08 | K10: =I10/C10 -> 0.56295256 | L10: =IF(K10>120%, I10*0.55%, IF(K10>100%, I10*0.45%, IF(K10>80%, I10*0.35%, IF(K10>60%, I10*0.2%, 0)))) -> 0 | P10: K-06 | Q10: 126360000 | R10: 13 | S10: 10 | T10: 45104937 | W10: =T10-U10 -> 45104937 | X10: =W10-Q10 -> -81255063 | Y10: =W10/Q10 -> 0.35695582 | Z10: =IF(Y10>120%, W10*0.55%, IF(Y10>100%, W10*0.45%, IF(Y10>80%, W10*0.35%, IF(Y10>60%, W10*0.2%, 0)))) -> 0
B11: TOTAL | C11: =SUM(C5:C10) -> 1541592000 | D11: =SUM(D5:D10) -> 111 | E11: =SUM(E5:E10) -> 91 | F11: =SUM(F5:F10) -> 1.0861823e+09 | G11: =SUM(G5:G10) -> 14025311 | H11: =SUM(H5:H10) -> 0 | I11: =F11-G11 -> 1.072157e+09 | J11: =I11-C11 -> -4.6943504e+08 | K11: =I11/C11 -> 0.69548684 | L11: =SUM(L5:L10) -> 2194689.3 | P11: TOTAL | Q11: =SUM(Q5:Q10) -> 1263600000 | R11: =SUM(R5:R10) -> 93 | S11: =SUM(S5:S10) -> 72 | T11: =SUM(T5:T10) -> 7.3328271e+08 | U11: =SUM(U5:U10) -> 0 | V11: =SUM(V5:V10) -> 0 | W11: =T11-U11 -> 7.3328271e+08 | X11: =W11-Q11 -> -5.3031729e+08 | Y11: =W11/Q11 -> 0.58031237 | Z11: =SUM(Z5:Z10) -> 1380696.5
B12: TARGET Q1 | C12: 1387432800 | I12: =I11 -> 1.072157e+09 | J12: =I12-C12 -> -3.1527584e+08 | K12: =I12/C12 -> 0.77276316 | L12: =IF(K12>=1,2500000,IF(K11>=1,3500000,0)) -> 0 | P12: =$B$12 -> TARGET Q1 | Q12: 1137240000 | W12: =W11 -> 7.3328271e+08 | X12: =W12-Q12 -> -4.0395729e+08 | Y12: =W12/Q12 -> 0.64479152 | Z12: =IF(Y12>=1,2500000,IF(Y11>=1,3500000,0)) -> 0
C13: =C12/C11 -> 0.9 | Q13: =Q12/Q11 -> 0.9
A14: 2 | B14: NAMA SALES | C14: ANNAUFAL | D14: OA | E14: CUST | F14: ROUTE: BOGOR | J14: SISA | K14: PERCENTAGE | O14: 2 | P14: NAMA SALES | Q14: AGPS:BOGOR | R14: OA | S14: CUST | T14: ROUTE: BOGOR | X14: SISA | Y14: PERCENTAGE
B15: KUNJUNGAN | C15: =C4 -> TARGET 100% | F15: =F4 -> OMSET JAN (1-31) | G15: =G4 -> OMSET PRODUK | H15: OMSET SPV | I15: OMSET NETT | K15: =K4 -> 1 | P15: KUNJUNGAN | Q15: =Q4 -> TARGET 100% | T15: =T4 -> OMSET JAN (1-31) | U15: =G4 -> OMSET PRODUK | V15: OMSET SPV | W15: OMSET NETT | Y15: =K15 -> 1
B16: K-01 | C16: 445348800 | D16: 22 | E16: 14 | F16: 2.9391917e+08 | G16: 4144144.1 | I16: =F16-G16 -> 2.8977503e+08 | J16: =I16-C16 -> -1.5557377e+08 | K16: =I16/C16 -> 0.65066983 | L16: =IF(K16>120%, I16*0.55%, IF(K16>100%, I16*0.45%, IF(K16>80%, I16*0.35%, IF(K16>60%, I16*0.2%, 0)))) -> 579550.06 | P16: K-01 | Q16: 256089600 | R16: 11 | S16: 9 | T16: 37740644 | U16: 304000 | W16: =T16-U16 -> 37436644 | X16: =W16-Q16 -> -2.1865296e+08 | Y16: =W16/Q16 -> 0.14618573 | Z16: =IF(Y16>120%, W16*0.55%, IF(Y16>100%, W16*0.45%, IF(Y16>80%, W16*0.35%, IF(Y16>60%, W16*0.2%, 0)))) -> 0
B17: K-02 | C17: 291189600 | D17: 16 | E17: 13 | F17: 1.0260248e+08 | G17: 421621.62 | I17: =F17-G17 -> 1.0218085e+08 | J17: =I17-C17 -> -1.8900875e+08 | K17: =I17/C17 -> 0.35090832 | L17: =IF(K17>120%, I17*0.55%, IF(K17>100%, I17*0.45%, IF(K17>80%, I17*0.35%, IF(K17>60%, I17*0.2%, 0)))) -> 0 | P17: K-02 | Q17: 2.240784e+08 | R17: 15 | S17: 14 | T17: 1.2030756e+08 | U17: 304000 | W17: =T17-U17 -> 1.2000356e+08 | X17: =W17-Q17 -> -1.0407484e+08 | Y17: =W17/Q17 -> 0.53554273 | Z17: =IF(Y17>120%, W17*0.55%, IF(Y17>100%, W17*0.45%, IF(Y17>80%, W17*0.35%, IF(Y17>60%, W17*0.2%, 0)))) -> 0
B18: K-03 | C18: 256932000 | D18: 21 | E18: 19 | F18: 90302054 | G18: 599144.14 | I18: =F18-G18 -> 89702910 | J18: =I18-C18 -> -1.6722909e+08 | K18: =I18/C18 -> 0.34913094 | L18: =IF(K18>120%, I18*0.55%, IF(K18>100%, I18*0.45%, IF(K18>80%, I18*0.35%, IF(K18>60%, I18*0.2%, 0)))) -> 0 | P18: K-03 | Q18: 368128800 | R18: 19 | S18: 17 | T18: 2.5097667e+08 | W18: =T18-U18 -> 2.5097667e+08 | X18: =W18-Q18 -> -1.1715213e+08 | Y18: =W18/Q18 -> 0.68176321 | Z18: =IF(Y18>120%, W18*0.55%, IF(Y18>100%, W18*0.45%, IF(Y18>80%, W18*0.35%, IF(Y18>60%, W18*0.2%, 0)))) -> 501953.34
B19: K-04 | C19: 274060800 | D19: 10 | E19: 10 | F19: 1.8674109e+08 | G19: 5416666.7 | I19: =F19-G19 -> 1.8132442e+08 | J19: =I19-C19 -> -92736377 | K19: =I19/C19 -> 0.66162115 | L19: =IF(K19>120%, I19*0.55%, IF(K19>100%, I19*0.45%, IF(K19>80%, I19*0.35%, IF(K19>60%, I19*0.2%, 0)))) -> 362648.85 | P19: K-04 | Q19: 256089600 | R19: 16 | S19: 13 | T19: 1.1458416e+08 | W19: =T19-U19 -> 1.1458416e+08 | X19: =W19-Q19 -> -1.4150544e+08 | Y19: =W19/Q19 -> 0.44743776 | Z19: =IF(Y19>120%, W19*0.55%, IF(Y19>100%, W19*0.45%, IF(Y19>80%, W19*0.35%, IF(Y19>60%, W19*0.2%, 0)))) -> 0
B20: K-05 | C20: 205545600 | D20: 15 | E20: 9 | F20: 1.720064e+08 | G20: 2976666.7 | I20: =F20-G20 -> 1.6902973e+08 | J20: =I20-C20 -> -36515866 | K20: =I20/C20 -> 0.82234664 | L20: =IF(K20>120%, I20*0.55%, IF(K20>100%, I20*0.45%, IF(K20>80%, I20*0.35%, IF(K20>60%, I20*0.2%, 0)))) -> 591604.07 | P20: K-05 | Q20: 240084000 | R20: 10 | S20: 7 | T20: 39167356 | W20: =T20-U20 -> 39167356 | X20: =W20-Q20 -> -2.0091664e+08 | Y20: =W20/Q20 -> 0.16314022 | Z20: =IF(Y20>120%, W20*0.55%, IF(Y20>100%, W20*0.45%, IF(Y20>80%, W20*0.35%, IF(Y20>60%, W20*0.2%, 0)))) -> 0
B21: K-06 | C21: 2.398032e+08 | D21: 16 | E21: 15 | F21: 1.5836861e+08 | G21: 2933333.3 | I21: =F21-G21 -> 1.5543528e+08 | J21: =I21-C21 -> -84367924 | K21: =I21/C21 -> 0.64817849 | L21: =IF(K21>120%, I21*0.55%, IF(K21>100%, I21*0.45%, IF(K21>80%, I21*0.35%, IF(K21>60%, I21*0.2%, 0)))) -> 310870.55 | P21: K-06 | Q21: 256089600 | R21: 13 | S21: 13 | T21: 1.2436442e+08 | W21: =T21-U21 -> 1.2436442e+08 | X21: =W21-Q21 -> -1.3172518e+08 | Y21: =W21/Q21 -> 0.48562854 | Z21: =IF(Y21>120%, W21*0.55%, IF(Y21>100%, W21*0.45%, IF(Y21>80%, W21*0.35%, IF(Y21>60%, W21*0.2%, 0)))) -> 0
B22: TOTAL | C22: =SUM(C16:C21) -> 1712880000 | D22: =SUM(D16:D21) -> 100 | E22: =SUM(E16:E21) -> 80 | F22: =SUM(F16:F21) -> 1.0039398e+09 | G22: =SUM(G16:G21) -> 16491577 | H22: =SUM(H16:H21) -> 0 | I22: =F22-G22 -> 9.8744823e+08 | J22: =I22-C22 -> -7.2543177e+08 | K22: =I22/C22 -> 0.57648418 | L22: =SUM(L16:L21) -> 1844673.5 | P22: TOTAL | Q22: =SUM(Q16:Q21) -> 1600560000 | R22: =SUM(R16:R21) -> 84 | S22: =SUM(S16:S21) -> 73 | T22: =SUM(T16:T21) -> 6.8714081e+08 | U22: =SUM(U16:U21) -> 608000 | V22: =SUM(V16:V21) -> 0 | W22: =T22-U22 -> 6.8653281e+08 | X22: =W22-Q22 -> -9.1402719e+08 | Y22: =W22/Q22 -> 0.42893288 | Z22: =SUM(Z16:Z21) -> 501953.34
B23: =$B$12 -> TARGET Q1 | C23: 1541592000 | I23: =I22 -> 9.8744823e+08 | J23: =I23-C23 -> -5.5414377e+08 | K23: =I23/C23 -> 0.64053798 | L23: =IF(K23>=1,2500000,IF(K22>=1,3500000,0)) -> 0 | P23: =$B$12 -> TARGET Q1 | Q23: 1440504000 | W23: =W22 -> 6.8653281e+08 | X23: =W23-Q23 -> -7.5397119e+08 | Y23: =W23/Q23 -> 0.47659209 | Z23: =IF(Y23>=1,2500000,IF(Y22>=1,3500000,0)) -> 0
C24: =C23/C22 -> 0.9 | Q24: =Q23/Q22 -> 0.9
A25: 3 | B25: NAMA SALES | C25: DIKI HERMAWAN | D25: OA | E25: CUST | F25: ROUTE : BEKASI & BANTEN | J25: SISA | K25: PERCENTAGE | O25: 3 | P25: NAMA SALES | Q25: FAUZI | R25: OA | S25: CUST | T25: ROUTE: BEKASI & BANTEN | X25: SISA | Y25: PERCENTAGE
B26: KUNJUNGAN | C26: =C15 -> TARGET 100% | F26: =F4 -> OMSET JAN (1-31) | G26: =G4 -> OMSET PRODUK | H26: OMSET SPV | I26: OMSET NETT | K26: =K15 -> 1 | P26: KUNJUNGAN | Q26: =Q15 -> TARGET 100% | T26: =T4 -> OMSET JAN (1-31) | U26: =G4 -> OMSET PRODUK | V26: OMSET SPV | W26: OMSET NETT | Y26: =K26 -> 1
B27: K-01 | C27: 406809000 | D27: 16 | E27: 15 | F27: 4.0075979e+08 | G27: 10400000 | I27: =F27-G27 -> 3.9035979e+08 | J27: =I27-C27 -> -16449205 | K27: =I27/C27 -> 0.95956529 | L27: =IF(K27>120%, I27*0.55%, IF(K27>100%, I27*0.45%, IF(K27>80%, I27*0.35%, IF(K27>60%, I27*0.2%, 0)))) -> 1366259.3 | P27: K-01 | Q27: 2.577744e+08 | R27: 15 | S27: 13 | T27: 1.6442882e+08 | U27: 1601600 | W27: =T27-U27 -> 1.6282722e+08 | X27: =W27-Q27 -> -94947177 | Y27: =W27/Q27 -> 0.63166561 | Z27: =IF(Y27>120%, W27*0.55%, IF(Y27>100%, W27*0.45%, IF(Y27>80%, W27*0.35%, IF(Y27>60%, W27*0.2%, 0)))) -> 325654.45
B28: K-02 | C28: 276630120 | D28: 19 | E28: 19 | F28: 2.704883e+08 | G28: 11338288 | I28: =F28-G28 -> 2.5915001e+08 | J28: =I28-C28 -> -17480111 | K28: =I28/C28 -> 0.93681053 | L28: =IF(K28>120%, I28*0.55%, IF(K28>100%, I28*0.45%, IF(K28>80%, I28*0.35%, IF(K28>60%, I28*0.2%, 0)))) -> 907025.03 | P28: K-02 | Q28: 454896000 | R28: 16 | S28: 13 | T28: 4.0150656e+08 | W28: =T28-U28 -> 4.0150656e+08 | X28: =W28-Q28 -> -53389437 | Y28: =W28/Q28 -> 0.88263375 | Z28: =IF(Y28>120%, W28*0.55%, IF(Y28>100%, W28*0.45%, IF(Y28>80%, W28*0.35%, IF(Y28>60%, W28*0.2%, 0)))) -> 1405273
B29: K-03 | C29: 195268320 | D29: 24 | E29: 23 | F29: 2.9430257e+08 | G29: 3429279.3 | I29: =F29-G29 -> 2.9087329e+08 | J29: =I29-C29 -> 95604972 | K29: =I29/C29 -> 1.4896082 | L29: =IF(K29>120%, I29*0.55%, IF(K29>100%, I29*0.45%, IF(K29>80%, I29*0.35%, IF(K29>60%, I29*0.2%, 0)))) -> 1599803.1 | P29: K-03 | Q29: 227448000 | R29: 13 | S29: 11 | T29: 1.0578168e+08 | W29: =T29-U29 -> 1.0578168e+08 | X29: =W29-Q29 -> -1.2166632e+08 | Y29: =W29/Q29 -> 0.46508073 | Z29: =IF(Y29>120%, W29*0.55%, IF(Y29>100%, W29*0.45%, IF(Y29>80%, W29*0.35%, IF(Y29>60%, W29*0.2%, 0)))) -> 0
B30: K-04 | C30: 211540680 | D30: 8 | E30: 7 | F30: 2.296108e+08 | G30: 10366667 | I30: =F30-G30 -> 2.1924413e+08 | J30: =I30-C30 -> 7703452.4 | K30: =I30/C30 -> 1.0364159 | L30: =IF(K30>120%, I30*0.55%, IF(K30>100%, I30*0.45%, IF(K30>80%, I30*0.35%, IF(K30>60%, I30*0.2%, 0)))) -> 986598.6 | M30: 20738153 | N30: 2.0887265e+08 | P30: K-04 | Q30: 166795200 | R30: 14 | S30: 10 | T30: 45494852 | U30: 145600 | W30: =T30-U30 -> 45349252 | X30: =W30-Q30 -> -1.2144595e+08 | Y30: =W30/Q30 -> 0.27188584 | Z30: =IF(Y30>120%, W30*0.55%, IF(Y30>100%, W30*0.45%, IF(Y30>80%, W30*0.35%, IF(Y30>60%, W30*0.2%, 0)))) -> 0
B31: K-05 | C31: 178995960 | D31: 16 | E31: 13 | F31: 64955542 | G31: 266666.67 | I31: =F31-G31 -> 64688875 | J31: =I31-C31 -> -1.1430708e+08 | K31: =I31/C31 -> 0.36139852 | L31: =IF(K31>120%, I31*0.55%, IF(K31>100%, I31*0.45%, IF(K31>80%, I31*0.35%, IF(K31>60%, I31*0.2%, 0)))) -> 0 | M31: =N30+M30 -> 2.296108e+08 | P31: K-05 | Q31: 227448000 | R31: 15 | S31: 15 | T31: 1.5300279e+08 | U31: 873600 | W31: =T31-U31 -> 1.5212919e+08 | X31: =W31-Q31 -> -75318811 | Y31: =W31/Q31 -> 0.66885261 | Z31: =IF(Y31>120%, W31*0.55%, IF(Y31>100%, W31*0.45%, IF(Y31>80%, W31*0.35%, IF(Y31>60%, W31*0.2%, 0)))) -> 304258.38
B32: K-06 | C32: 357991920 | D32: 21 | E32: 18 | F32: 4.2670054e+08 | G32: 7483333.3 | I32: =F32-G32 -> 4.1921721e+08 | J32: =I32-C32 -> 61225286 | K32: =I32/C32 -> 1.1710242 | L32: =IF(K32>120%, I32*0.55%, IF(K32>100%, I32*0.45%, IF(K32>80%, I32*0.35%, IF(K32>60%, I32*0.2%, 0)))) -> 1886477.4 | P32: K-06 | Q32: 181958400 | R32: 12 | S32: 12 | T32: 50047486 | U32: 304000 | W32: =T32-U32 -> 49743486 | X32: =W32-Q32 -> -1.3221491e+08 | Y32: =W32/Q32 -> 0.27337835 | Z32: =IF(Y32>120%, W32*0.55%, IF(Y32>100%, W32*0.45%, IF(Y32>80%, W32*0.35%, IF(Y32>60%, W32*0.2%, 0)))) -> 0
B33: TOTAL | C33: =SUM(C27:C32) -> 1627236000 | D33: =SUM(D27:D32) -> 104 | E33: =SUM(E27:E32) -> 95 | F33: =SUM(F27:F32) -> 1.6868175e+09 | G33: =SUM(G27:G32) -> 43284234 | H33: =SUM(H27:H32) -> 0 | I33: =F33-G33 -> 1.6435333e+09 | J33: =I33-C33 -> 16297309 | K33: =I33/C33 -> 1.0100153 | L33: =SUM(L27:L32) -> 6746163.4 | P33: TOTAL | Q33: =SUM(Q27:Q32) -> 1516320000 | R33: =SUM(R27:R32) -> 85 | S33: =SUM(S27:S32) -> 74 | T33: =SUM(T27:T32) -> 9.202622e+08 | U33: =SUM(U27:U32) -> 2924800 | V33: =SUM(V27:V32) -> 0 | W33: =T33-U33 -> 9.173374e+08 | X33: =W33-Q33 -> -5.989826e+08 | Y33: =W33/Q33 -> 0.60497612 | Z33: =SUM(Z27:Z32) -> 2035185.8
B34: =$B$12 -> TARGET Q1 | C34: 1464512400 | I34: =I33 -> 1.6435333e+09 | J34: =I34-C34 -> 1.7902091e+08 | K34: =I34/C34 -> 1.1222393 | L34: =IF(K34>=0.9,2500000,IF(K33>=1,3500000,0)) -> 2500000 | M34: =0.25%*C33 -> 4068090 | P34: =$B$12 -> TARGET Q1 | Q34: 1364688000 | W34: =W33 -> 9.173374e+08 | X34: =W34-Q34 -> -4.473506e+08 | Y34: =W34/Q34 -> 0.67219569 | Z34: =IF(Y34>=1,2500000,IF(Y33>=1,3500000,0)) -> 0
C35: =C34/C33 -> 0.9 | L35: =0.25%*C33 -> 4068090 | Q35: =Q34/Q33 -> 0.9
A36: 4 | B36: NAMA SALES | C36: AGPC:TKAB-KRW | D36: OA | E36: CUST | F36: ROUTE: KERAWANG, RENGAS DENGKLOK & TANGERANG KAB | J36: SISA | K36: PERCENTAGE | O36: 4 | P36: NAMA SALES | Q36: GILBERT | R36: OA | S36: CUST | T36: ROUTE: KERAWANG, RENGAS DENGKLOK & TANGERANG KAB | X36: SISA | Y36: PERCENTAGE
B37: KUNJUNGAN | C37: =C26 -> TARGET 100% | F37: =F4 -> OMSET JAN (1-31) | G37: =G4 -> OMSET PRODUK | H37: OMSET SPV | I37: OMSET NETT | K37: =K26 -> 1 | P37: KUNJUNGAN | Q37: =Q26 -> TARGET 100% | T37: =T4 -> OMSET JAN (1-31) | U37: =G4 -> OMSET PRODUK | V37: OMSET SPV | W37: OMSET NETT | Y37: =K37 -> 1
B38: K-01 | C38: 1.3189176e+08 | D38: 19 | E38: 18 | F38: 1.0239507e+08 | G38: 436936.94 | I38: =F38-G38 -> 1.0195813e+08 | J38: =I38-C38 -> -29933628 | K38: =I38/C38 -> 0.77304399 | L38: =IF(K38>120%, I38*0.55%, IF(K38>100%, I38*0.45%, IF(K38>80%, I38*0.35%, IF(K38>60%, I38*0.2%, 0)))) -> 203916.26 | P38: K-01 | Q38: 358020000 | R38: 12 | S38: 9 | T38: 3.182592e+08 | W38: =T38-U38 -> 3.182592e+08 | X38: =W38-Q38 -> -39760796 | Y38: =W38/Q38 -> 0.88894253 | Z38: =IF(Y38>120%, W38*0.55%, IF(Y38>100%, W38*0.45%, IF(Y38>80%, W38*0.35%, IF(Y38>60%, W38*0.2%, 0)))) -> 1113907.2
B39: K-02 | C39: 565250400 | D39: 13 | E39: 13 | F39: 4.5364066e+08 | G39: 3333333.3 | I39: =F39-G39 -> 4.5030733e+08 | J39: =I39-C39 -> -1.1494307e+08 | K39: =I39/C39 -> 0.79665106 | L39: =IF(K39>120%, I39*0.55%, IF(K39>100%, I39*0.45%, IF(K39>80%, I39*0.35%, IF(K39>60%, I39*0.2%, 0)))) -> 900614.66 | P39: K-02 | Q39: 210600000 | R39: 8 | S39: 7 | T39: 31288838 | W39: =T39-U39 -> 31288838 | X39: =W39-Q39 -> -1.7931116e+08 | Y39: =W39/Q39 -> 0.14856998 | Z39: =IF(Y39>120%, W39*0.55%, IF(Y39>100%, W39*0.45%, IF(Y39>80%, W39*0.35%, IF(Y39>60%, W39*0.2%, 0)))) -> 0
B40: K-03 | C40: 546408720 | D40: 15 | E40: 14 | F40: 4.2711886e+08 | G40: 4990991 | I40: =F40-G40 -> 4.2212787e+08 | J40: =I40-C40 -> -1.2428085e+08 | K40: =I40/C40 -> 0.77254966 | L40: =IF(K40>120%, I40*0.55%, IF(K40>100%, I40*0.45%, IF(K40>80%, I40*0.35%, IF(K40>60%, I40*0.2%, 0)))) -> 844255.74 | P40: K-03 | Q40: 336960000 | R40: 15 | S40: 13 | T40: 2.6553223e+08 | W40: =T40-U40 -> 2.6553223e+08 | X40: =W40-Q40 -> -71427775 | Y40: =W40/Q40 -> 0.78802299 | Z40: =IF(Y40>120%, W40*0.55%, IF(Y40>100%, W40*0.45%, IF(Y40>80%, W40*0.35%, IF(Y40>60%, W40*0.2%, 0)))) -> 531064.45
B41: K-04 | C41: 244941840 | D41: 13 | E41: 12 | F41: 1.4103434e+08 | G41: 288288.29 | I41: =F41-G41 -> 1.4074605e+08 | J41: =I41-C41 -> -1.0419579e+08 | K41: =I41/C41 -> 0.57461008 | L41: =IF(K41>120%, I41*0.55%, IF(K41>100%, I41*0.45%, IF(K41>80%, I41*0.35%, IF(K41>60%, I41*0.2%, 0)))) -> 0 | P41: K-04 | Q41: 737100000 | R41: 17 | S41: 18 | T41: 7.8482358e+08 | W41: =T41-U41 -> 7.8482358e+08 | X41: =W41-Q41 -> 47723581 | Y41: =W41/Q41 -> 1.0647451 | Z41: =IF(Y41>120%, W41*0.55%, IF(Y41>100%, W41*0.45%, IF(Y41>80%, W41*0.35%, IF(Y41>60%, W41*0.2%, 0)))) -> 3531706.1
B42: K-05 | C42: 188416800 | D42: 14 | E42: 9 | F42: 46535656 | G42: 965765.77 | I42: =F42-G42 -> 45569890 | J42: =I42-C42 -> -1.4284691e+08 | K42: =I42/C42 -> 0.24185683 | L42: =IF(K42>120%, I42*0.55%, IF(K42>100%, I42*0.45%, IF(K42>80%, I42*0.35%, IF(K42>60%, I42*0.2%, 0)))) -> 0 | P42: K-05 | Q42: 252720000 | R42: 12 | S42: 9 | T42: 1.1712277e+08 | W42: =T42-U42 -> 1.1712277e+08 | X42: =W42-Q42 -> -1.3559723e+08 | Y42: =W42/Q42 -> 0.46344874 | Z42: =IF(Y42>120%, W42*0.55%, IF(Y42>100%, W42*0.45%, IF(Y42>80%, W42*0.35%, IF(Y42>60%, W42*0.2%, 0)))) -> 0
B43: K-06 | C43: 207258480 | D43: 17 | E43: 15 | F43: 1.3896808e+08 | G43: 554954.95 | I43: =F43-G43 -> 1.3841313e+08 | J43: =I43-C43 -> -68845355 | K43: =I43/C43 -> 0.66782853 | L43: =IF(K43>120%, I43*0.55%, IF(K43>100%, I43*0.45%, IF(K43>80%, I43*0.35%, IF(K43>60%, I43*0.2%, 0)))) -> 276826.25 | P43: K-06 | Q43: 210600000 | R43: 7 | S43: 5 | T43: 74652847 | W43: =T43-U43 -> 74652847 | X43: =W43-Q43 -> -1.3594715e+08 | Y43: =W43/Q43 -> 0.35447696 | Z43: =IF(Y43>120%, W43*0.55%, IF(Y43>100%, W43*0.45%, IF(Y43>80%, W43*0.35%, IF(Y43>60%, W43*0.2%, 0)))) -> 0
B44: TOTAL | C44: =SUM(C38:C43) -> 1884168000 | D44: =SUM(D38:D43) -> 91 | E44: =SUM(E38:E43) -> 81 | F44: =SUM(F38:F43) -> 1.3096927e+09 | G44: =SUM(G38:G43) -> 10570270 | H44: =SUM(H38:H43) -> 0 | I44: =F44-G44 -> 1.2991224e+09 | J44: =I44-C44 -> -5.850456e+08 | K44: =I44/C44 -> 0.68949393 | L44: =SUM(L38:L43) -> 2225612.9 | P44: TOTAL | Q44: =SUM(Q38:Q43) -> 2106000000 | R44: =SUM(R38:R43) -> 71 | S44: =SUM(S38:S43) -> 61 | T44: =SUM(T38:T43) -> 1.5916795e+09 | U44: =SUM(U38:U43) -> 0 | V44: =SUM(V38:V43) -> 0 | W44: =T44-U44 -> 1.5916795e+09 | X44: =W44-Q44 -> -5.1432054e+08 | Y44: =W44/Q44 -> 0.75578322 | Z44: =SUM(Z38:Z43) -> 5176677.8
B45: =$B$12 -> TARGET Q1 | C45: 1695751200 | I45: =I44 -> 1.2991224e+09 | J45: =I45-C45 -> -3.966288e+08 | K45: =I45/C45 -> 0.76610437 | L45: =IF(K45>=1,2500000,IF(K44>=1,3500000,0)) -> 0 | P45: =$B$12 -> TARGET Q1 | Q45: 1895400000 | W45: =W44 -> 1.5916795e+09 | X45: =W45-Q45 -> -3.0372054e+08 | Y45: =W45/Q45 -> 0.83975913 | Z45: =IF(Y45>=1,2500000,IF(Y44>=1,3500000,0)) -> 0
C46: =C45/C44 -> 0.9 | Q46: =Q45/Q44 -> 0.9
A47: 5 | B47: NAMA SALES | C47: RIDWAN | D47: OA | E47: CUST | F47: ROUTE: SUBANG, CIREBON & TANGERANG SELATAN | J47: SISA | K47: PERCENTAGE | O47: 5 | P47: NAMA SALES | Q47: AGPS:TSEL-SUB | R47: OA | S47: CUST | T47: ROUTE: SUBANG, CIREBON & TANGERANG SELATAN | X47: SISA | Y47: PERCENTAGE
B48: KUNJUNGAN | C48: =C37 -> TARGET 100% | F48: =F4 -> OMSET JAN (1-31) | G48: =G4 -> OMSET PRODUK | H48: OMSET SPV | I48: OMSET NETT | K48: =K37 -> 1 | P48: KUNJUNGAN | Q48: =Q37 -> TARGET 100% | T48: =T4 -> OMSET JAN (1-31) | U48: =G4 -> OMSET PRODUK | V48: OMSET SPV | W48: OMSET NETT | Y48: =K48 -> 1
B49: K-01 | C49: 179852400 | D49: 20 | E49: 17 | F49: 1.7615675e+08 | G49: 6910810.8 | I49: =F49-G49 -> 1.6924594e+08 | J49: =I49-C49 -> -10606464 | K49: =I49/C49 -> 0.94102684 | L49: =IF(K49>120%, I49*0.55%, IF(K49>100%, I49*0.45%, IF(K49>80%, I49*0.35%, IF(K49>60%, I49*0.2%, 0)))) -> 592360.78 | P49: K-01 | Q49: 775008000 | R49: 26 | S49: 26 | T49: 8.9792966e+08 | U49: 2280000 | W49: =T49-U49 -> 8.9564966e+08 | X49: =W49-Q49 -> 1.2064166e+08 | Y49: =W49/Q49 -> 1.1556651 | Z49: =IF(Y49>120%, W49*0.55%, IF(Y49>100%, W49*0.45%, IF(Y49>80%, W49*0.35%, IF(Y49>60%, W49*0.2%, 0)))) -> 4030423.5
B50: K-02 | C50: 701424360 | D50: 33 | E50: 31 | F50: 7.6861878e+08 | G50: 3733333.3 | I50: =F50-G50 -> 7.6488545e+08 | J50: =I50-C50 -> 63461090 | K50: =I50/C50 -> 1.0904746 | L50: =IF(K50>120%, I50*0.55%, IF(K50>100%, I50*0.45%, IF(K50>80%, I50*0.35%, IF(K50>60%, I50*0.2%, 0)))) -> 3441984.5 | P50: K-02 | Q50: 348753600 | R50: 13 | S50: 13 | T50: 1.2177011e+08 | U50: 291200 | W50: =T50-U50 -> 1.2147891e+08 | X50: =W50-Q50 -> -2.2727469e+08 | Y50: =W50/Q50 -> 0.34832303 | Z50: =IF(Y50>120%, W50*0.55%, IF(Y50>100%, W50*0.45%, IF(Y50>80%, W50*0.35%, IF(Y50>60%, W50*0.2%, 0)))) -> 0
B51: K-03 | C51: 377690040 | D51: 24 | E51: 20 | F51: 3.7609528e+08 | G51: 2666666.7 | I51: =F51-G51 -> 3.7342861e+08 | J51: =I51-C51 -> -4261426.5 | K51: =I51/C51 -> 0.98871713 | L51: =IF(K51>120%, I51*0.55%, IF(K51>100%, I51*0.45%, IF(K51>80%, I51*0.35%, IF(K51>60%, I51*0.2%, 0)))) -> 1307000.1 | P51: K-03 | Q51: 193752000 | R51: 14 | S51: 14 | T51: 1.0600843e+08 | U51: 902356.76 | W51: =T51-U51 -> 1.0510607e+08 | X51: =W51-Q51 -> -88645929 | Y51: =W51/Q51 -> 0.54247735 | Z51: =IF(Y51>120%, W51*0.55%, IF(Y51>100%, W51*0.45%, IF(Y51>80%, W51*0.35%, IF(Y51>60%, W51*0.2%, 0)))) -> 0
B52: K-04 | C52: 233808120 | D52: 18 | E52: 16 | F52: 2.261107e+08 | G52: 741333.33 | I52: =F52-G52 -> 2.2536936e+08 | J52: =I52-C52 -> -8438756.7 | K52: =I52/C52 -> 0.96390734 | L52: =IF(K52>120%, I52*0.55%, IF(K52>100%, I52*0.45%, IF(K52>80%, I52*0.35%, IF(K52>60%, I52*0.2%, 0)))) -> 788792.77 | P52: K-04 | Q52: 193752000 | R52: 13 | S52: 12 | T52: 99981061 | U52: 1164800 | W52: =T52-U52 -> 98816261 | X52: =W52-Q52 -> -94935739 | Y52: =W52/Q52 -> 0.51001415 | Z52: =IF(Y52>120%, W52*0.55%, IF(Y52>100%, W52*0.45%, IF(Y52>80%, W52*0.35%, IF(Y52>60%, W52*0.2%, 0)))) -> 0
B53: K-05 | C53: 1.2589668e+08 | D53: 18 | E53: 14 | F53: 76141573 | G53: 2094342.3 | I53: =F53-G53 -> 74047230 | J53: =I53-C53 -> -51849450 | K53: =I53/C53 -> 0.58815872 | L53: =IF(K53>120%, I53*0.55%, IF(K53>100%, I53*0.45%, IF(K53>80%, I53*0.35%, IF(K53>60%, I53*0.2%, 0)))) -> 0 | P53: K-05 | Q53: 213127200 | R53: 13 | S53: 10 | T53: 70739641 | U53: 1882609 | W53: =T53-U53 -> 68857032 | X53: =W53-Q53 -> -1.4427017e+08 | Y53: =W53/Q53 -> 0.32307952 | Z53: =IF(Y53>120%, W53*0.55%, IF(Y53>100%, W53*0.45%, IF(Y53>80%, W53*0.35%, IF(Y53>60%, W53*0.2%, 0)))) -> 0
B54: K-06 | C54: 179852400 | D54: 13 | E54: 12 | F54: 1.3333317e+08 | G54: 1350000 | I54: =F54-G54 -> 1.3198317e+08 | J54: =I54-C54 -> -47869230 | K54: =I54/C54 -> 0.73384158 | L54: =IF(K54>120%, I54*0.55%, IF(K54>100%, I54*0.45%, IF(K54>80%, I54*0.35%, IF(K54>60%, I54*0.2%, 0)))) -> 263966.34 | P54: K-06 | Q54: 213127200 | R54: 13 | S54: 10 | T54: 42171730 | W54: =T54-U54 -> 42171730 | X54: =W54-Q54 -> -1.7095547e+08 | Y54: =W54/Q54 -> 0.19787118 | Z54: =IF(Y54>120%, W54*0.55%, IF(Y54>100%, W54*0.45%, IF(Y54>80%, W54*0.35%, IF(Y54>60%, W54*0.2%, 0)))) -> 0
B55: TOTAL | C55: =SUM(C49:C54) -> 1798524000 | D55: =SUM(D49:D54) -> 126 | E55: =SUM(E49:E54) -> 110 | F55: =SUM(F49:F54) -> 1.7564562e+09 | G55: =SUM(G49:G54) -> 17496486 | H55: =SUM(H49:H54) -> 0 | I55: =F55-G55 -> 1.7389598e+09 | J55: =I55-C55 -> -59564237 | K55: =I55/C55 -> 0.9668816 | L55: =SUM(L49:L54) -> 6394104.6 | P55: TOTAL | Q55: =SUM(Q49:Q54) -> 1937520000 | R55: =SUM(R49:R54) -> 92 | S55: =SUM(S49:S54) -> 85 | T55: =SUM(T49:T54) -> 1.3386006e+09 | U55: =SUM(U49:U54) -> 6520965.8 | V55: =SUM(V49:V54) -> 0 | W55: =T55-U55 -> 1.3320797e+09 | X55: =W55-Q55 -> -6.0544033e+08 | Y55: =W55/Q55 -> 0.68751789 | Z55: =SUM(Z49:Z54) -> 4030423.5
B56: =$B$12 -> TARGET Q1 | C56: 1618671600 | I56: =I55 -> 1.7389598e+09 | J56: =I56-C56 -> 1.2028816e+08 | K56: =I56/C56 -> 1.0743129 | L56: =IF(K56>=1,2500000,IF(K55>=1,3500000,0)) -> 2500000 | P56: =$B$12 -> TARGET Q1 | Q56: 1743768000 | W56: =W55 -> 1.3320797e+09 | X56: =W56-Q56 -> -4.1168833e+08 | Y56: =W56/Q56 -> 0.76390877 | Z56: =IF(Y56>=1,2500000,IF(Y55>=1,3500000,0)) -> 0
C57: =C56/C55 -> 0.9 | Q57: =Q56/Q55 -> 0.9
A58: 6 | B58: NAMA SALES | C58: AHMAD | D58: OA | E58: CUST | F58: ROUTE: JAKARTA BARAT & JAKARTA PUSAT | J58: SISA | K58: PERCENTAGE | O58: 6 | P58: NAMA SALES | Q58: AGUSTIAN | R58: OA | S58: CUST | T58: ROUTE: JAKARTA BARAT & JAKARTA PUSAT | X58: SISA | Y58: PERCENTAGE
B59: KUNJUNGAN | C59: =C48 -> TARGET 100% | F59: =F4 -> OMSET JAN (1-31) | G59: =G4 -> OMSET PRODUK | H59: OMSET SPV | I59: OMSET NETT | K59: =K48 -> 1 | P59: KUNJUNGAN | Q59: =Q48 -> TARGET 100% | T59: =T4 -> OMSET JAN (1-31) | U59: =G4 -> OMSET PRODUK | V59: OMSET SPV | W59: OMSET NETT | Y59: =K59 -> 1
B60: K-01 | C60: 135247320 | D60: 20 | E60: 16 | F60: 85669012 | G60: 1066666.7 | I60: =F60-G60 -> 84602345 | J60: =I60-C60 -> -50644975 | K60: =I60/C60 -> 0.62553805 | L60: =IF(K60>120%, I60*0.55%, IF(K60>100%, I60*0.45%, IF(K60>80%, I60*0.35%, IF(K60>60%, I60*0.2%, 0)))) -> 169204.69 | P60: K-01 | Q60: 232502400 | R60: 15 | S60: 12 | T60: 1.406543e+08 | W60: =T60-U60 -> 1.406543e+08 | X60: =W60-Q60 -> -91848103 | Y60: =W60/Q60 -> 0.60495847 | Z60: =IF(Y60>120%, W60*0.55%, IF(Y60>100%, W60*0.45%, IF(Y60>80%, W60*0.35%, IF(Y60>60%, W60*0.2%, 0)))) -> 281308.59
B61: K-02 | C61: 156054600 | D61: 11 | E61: 11 | F61: 90694261 | G61: 266666.67 | I61: =F61-G61 -> 90427594 | J61: =I61-C61 -> -65627006 | K61: =I61/C61 -> 0.57946125 | L61: =IF(K61>120%, I61*0.55%, IF(K61>100%, I61*0.45%, IF(K61>80%, I61*0.35%, IF(K61>60%, I61*0.2%, 0)))) -> 0 | P61: K-02 | Q61: 2.195856e+08 | R61: 23 | S61: 21 | T61: 2.1021346e+08 | U61: 152000 | W61: =T61-U61 -> 2.1006146e+08 | X61: =W61-Q61 -> -9524136.2 | Y61: =W61/Q61 -> 0.95662677 | Z61: =IF(Y61>120%, W61*0.55%, IF(Y61>100%, W61*0.45%, IF(Y61>80%, W61*0.35%, IF(Y61>60%, W61*0.2%, 0)))) -> 735215.12
B62: K-03 | C62: 239283720 | D62: 25 | E62: 22 | F62: 1.3688277e+08 | G62: 1066666.7 | I62: =F62-G62 -> 1.3581611e+08 | J62: =I62-C62 -> -1.0346761e+08 | K62: =I62/C62 -> 0.56759442 | L62: =IF(K62>120%, I62*0.55%, IF(K62>100%, I62*0.45%, IF(K62>80%, I62*0.35%, IF(K62>60%, I62*0.2%, 0)))) -> 0 | P62: K-03 | Q62: 284169600 | R62: 15 | S62: 12 | T62: 2.3739889e+08 | W62: =T62-U62 -> 2.3739889e+08 | X62: =W62-Q62 -> -46770708 | Y62: =W62/Q62 -> 0.8354127 | Z62: =IF(Y62>120%, W62*0.55%, IF(Y62>100%, W62*0.45%, IF(Y62>80%, W62*0.35%, IF(Y62>60%, W62*0.2%, 0)))) -> 830896.12
B63: K-04 | C63: 218476440 | D63: 16 | E63: 12 | F63: 65662926 | I63: =F63-G63 -> 65662926 | J63: =I63-C63 -> -1.5281351e+08 | K63: =I63/C63 -> 0.30054923 | L63: =IF(K63>120%, I63*0.55%, IF(K63>100%, I63*0.45%, IF(K63>80%, I63*0.35%, IF(K63>60%, I63*0.2%, 0)))) -> 0 | P63: K-04 | Q63: 258336000 | R63: 16 | S63: 15 | T63: 2.5722918e+08 | W63: =T63-U63 -> 2.5722918e+08 | X63: =W63-Q63 -> -1106824.3 | Y63: =W63/Q63 -> 0.99571556 | Z63: =IF(Y63>120%, W63*0.55%, IF(Y63>100%, W63*0.45%, IF(Y63>80%, W63*0.35%, IF(Y63>60%, W63*0.2%, 0)))) -> 900302.11
B64: K-05 | C64: 135247320 | D64: 13 | E64: 12 | F64: 71334250 | G64: 666666.67 | I64: =F64-G64 -> 70667583 | J64: =I64-C64 -> -64579737 | K64: =I64/C64 -> 0.52250635 | L64: =IF(K64>120%, I64*0.55%, IF(K64>100%, I64*0.45%, IF(K64>80%, I64*0.35%, IF(K64>60%, I64*0.2%, 0)))) -> 0 | P64: K-05 | Q64: 142084800 | R64: 10 | S64: 10 | T64: 1.4786487e+08 | W64: =T64-U64 -> 1.4786487e+08 | X64: =W64-Q64 -> 5780073.9 | Y64: =W64/Q64 -> 1.0406805 | Z64: =IF(Y64>120%, W64*0.55%, IF(Y64>100%, W64*0.45%, IF(Y64>80%, W64*0.35%, IF(Y64>60%, W64*0.2%, 0)))) -> 665391.93
B65: K-06 | C65: 156054600 | D65: 10 | E65: 7 | F65: 64412115 | G65: 821621.62 | I65: =F65-G65 -> 63590494 | J65: =I65-C65 -> -92464106 | K65: =I65/C65 -> 0.40748875 | L65: =IF(K65>120%, I65*0.55%, IF(K65>100%, I65*0.45%, IF(K65>80%, I65*0.35%, IF(K65>60%, I65*0.2%, 0)))) -> 0 | P65: K-06 | Q65: 155001600 | R65: 14 | S65: 10 | T65: 41840270 | W65: =T65-U65 -> 41840270 | X65: =W65-Q65 -> -1.1316133e+08 | Y65: =W65/Q65 -> 0.26993444 | Z65: =IF(Y65>120%, W65*0.55%, IF(Y65>100%, W65*0.45%, IF(Y65>80%, W65*0.35%, IF(Y65>60%, W65*0.2%, 0)))) -> 0
B66: TOTAL | C66: =SUM(C60:C65) -> 1040364000 | D66: =SUM(D60:D65) -> 95 | E66: =SUM(E60:E65) -> 80 | F66: =SUM(F60:F65) -> 5.1465533e+08 | G66: =SUM(G60:G65) -> 3888288.3 | H66: =SUM(H60:H65) -> 0 | I66: =F66-G66 -> 5.1076705e+08 | J66: =I66-C66 -> -5.2959695e+08 | K66: =I66/C66 -> 0.49095033 | L66: =SUM(L60:L65) -> 169204.69 | P66: TOTAL | Q66: =SUM(Q60:Q65) -> 1291680000 | R66: =SUM(R60:R65) -> 93 | S66: =SUM(S60:S65) -> 80 | T66: =SUM(T60:T65) -> 1.035201e+09 | U66: =SUM(U60:U65) -> 152000 | V66: =SUM(V60:V65) -> 0 | W66: =T66-U66 -> 1.035049e+09 | X66: =W66-Q66 -> -2.5663103e+08 | Y66: =W66/Q66 -> 0.80131997 | Z66: =SUM(Z60:Z65) -> 3413113.9
B67: =$B$12 -> TARGET Q1 | C67: 936327600 | I67: =I66 -> 5.1076705e+08 | J67: =I67-C67 -> -4.2556055e+08 | K67: =I67/C67 -> 0.54550036 | L67: =IF(K67>=1,2500000,IF(K66>=1,3500000,0)) -> 0 | P67: =$B$12 -> TARGET Q1 | Q67: 1162512000 | W67: =W66 -> 1.035049e+09 | X67: =W67-Q67 -> -1.2746303e+08 | Y67: =W67/Q67 -> 0.89035552 | Z67: =IF(Y67>=1,2500000,IF(Y66>=1,3500000,0)) -> 0
C68: =C67/C66 -> 0.9 | Q68: =Q67/Q66 -> 0.9
A69: 7 | B69: NAMA SALES | C69: AGPC:DPK-SKB | D69: OA | E69: CUST | F69: ROUTE: DEPOK, SUKABUMI & CIANJUR | J69: SISA | K69: PERCENTAGE | O69: 7 | P69: NAMA SALES | Q69: RAYFAHMI | R69: OA | S69: CUST | T69: ROUTE: DEPOK, SUKABUMI & CIANJUR | X69: SISA | Y69: PERCENTAGE
B70: KUNJUNGAN | C70: =C59 -> TARGET 100% | F70: =F4 -> OMSET JAN (1-31) | G70: =G4 -> OMSET PRODUK | H70: OMSET SPV | I70: OMSET NETT | K70: =K59 -> 1 | P70: KUNJUNGAN | Q70: =Q59 -> TARGET 100% | T70: =T4 -> OMSET JAN (1-31) | U70: =G4 -> OMSET PRODUK | V70: OMSET SPV | W70: OMSET NETT | Y70: =K70 -> 1
B71: K-01 | C71: 136890000 | D71: 17 | E71: 15 | F71: 36281083 | G71: 604144.14 | I71: =F71-G71 -> 35676939 | J71: =I71-C71 -> -1.0121306e+08 | K71: =I71/C71 -> 0.26062488 | L71: =IF(K71>120%, I71*0.55%, IF(K71>100%, I71*0.45%, IF(K71>80%, I71*0.35%, IF(K71>60%, I71*0.2%, 0)))) -> 0 | P71: K-01 | Q71: 232502400 | R71: 23 | S71: 22 | T71: 2.1731242e+08 | U71: 252252.25 | W71: =T71-U71 -> 2.1706017e+08 | X71: =W71-Q71 -> -15442229 | Y71: =W71/Q71 -> 0.9335825 | Z71: =IF(Y71>120%, W71*0.55%, IF(Y71>100%, W71*0.45%, IF(Y71>80%, W71*0.35%, IF(Y71>60%, W71*0.2%, 0)))) -> 759710.6
B72: K-02 | C72: 164268000 | D72: 14 | E72: 11 | F72: 88634516 | G72: 1879729.7 | I72: =F72-G72 -> 86754786 | J72: =I72-C72 -> -77513214 | K72: =I72/C72 -> 0.52812956 | L72: =IF(K72>120%, I72*0.55%, IF(K72>100%, I72*0.45%, IF(K72>80%, I72*0.35%, IF(K72>60%, I72*0.2%, 0)))) -> 0 | P72: K-02 | Q72: 167918400 | R72: 18 | S72: 16 | T72: 69253943 | U72: 291200 | W72: =T72-U72 -> 68962743 | X72: =W72-Q72 -> -98955657 | Y72: =W72/Q72 -> 0.410692 | Z72: =IF(Y72>120%, W72*0.55%, IF(Y72>100%, W72*0.45%, IF(Y72>80%, W72*0.35%, IF(Y72>60%, W72*0.2%, 0)))) -> 0
B73: K-03 | C73: 2.32713e+08 | D73: 18 | E73: 20 | F73: 1.6878738e+08 | G73: 2306306.3 | I73: =F73-G73 -> 1.6648107e+08 | J73: =I73-C73 -> -66231929 | K73: =I73/C73 -> 0.71539222 | L73: =IF(K73>120%, I73*0.55%, IF(K73>100%, I73*0.45%, IF(K73>80%, I73*0.35%, IF(K73>60%, I73*0.2%, 0)))) -> 332962.14 | P73: K-03 | Q73: 258336000 | R73: 13 | S73: 14 | T73: 2.0341782e+08 | W73: =T73-U73 -> 2.0341782e+08 | X73: =W73-Q73 -> -54918185 | Y73: =W73/Q73 -> 0.78741567 | Z73: =IF(Y73>120%, W73*0.55%, IF(Y73>100%, W73*0.45%, IF(Y73>80%, W73*0.35%, IF(Y73>60%, W73*0.2%, 0)))) -> 406835.63
B74: K-04 | C74: 273780000 | D74: 16 | E74: 15 | F74: 1.3693321e+08 | G74: 4374144.1 | I74: =F74-G74 -> 1.3255906e+08 | J74: =I74-C74 -> -1.4122094e+08 | K74: =I74/C74 -> 0.48418096 | L74: =IF(K74>120%, I74*0.55%, IF(K74>100%, I74*0.45%, IF(K74>80%, I74*0.35%, IF(K74>60%, I74*0.2%, 0)))) -> 0 | P74: K-04 | Q74: 129168000 | R74: 12 | S74: 9 | T74: 85126838 | W74: =T74-U74 -> 85126838 | X74: =W74-Q74 -> -44041162 | Y74: =W74/Q74 -> 0.65903968 | Z74: =IF(Y74>120%, W74*0.55%, IF(Y74>100%, W74*0.45%, IF(Y74>80%, W74*0.35%, IF(Y74>60%, W74*0.2%, 0)))) -> 170253.68
B75: K-05 | C75: 246402000 | D75: 13 | E75: 13 | F75: 1.1324783e+08 | I75: =F75-G75 -> 1.1324783e+08 | J75: =I75-C75 -> -1.3315417e+08 | K75: =I75/C75 -> 0.45960596 | L75: =IF(K75>120%, I75*0.55%, IF(K75>100%, I75*0.45%, IF(K75>80%, I75*0.35%, IF(K75>60%, I75*0.2%, 0)))) -> 0 | P75: K-05 | Q75: 232502400 | R75: 19 | S75: 18 | T75: 1.391364e+08 | U75: 397852.25 | W75: =T75-U75 -> 1.3873855e+08 | X75: =W75-Q75 -> -93763855 | Y75: =W75/Q75 -> 0.59671877 | Z75: =IF(Y75>120%, W75*0.55%, IF(Y75>100%, W75*0.45%, IF(Y75>80%, W75*0.35%, IF(Y75>60%, W75*0.2%, 0)))) -> 0
